"leaving_cert_year","leaving_cert_paper","leaving_cert_grade","points"
1992,"Higher","A1",100
1992,"Higher","A2",88
1992,"Higher","B1",88
1992,"Higher","B2",77
1992,"Higher","B3",77
1992,"Higher","C1",66
1992,"Higher","C2",66
1992,"Higher","C3",56
1992,"Higher","D1",56
1992,"Higher","D2",46
1992,"Higher","D3",46
1992,"Higher","E",33
1992,"Higher","F",0
1992,"Higher","NG",0
1992,"Ordinary","A1",56
1992,"Ordinary","A2",46
1992,"Ordinary","B1",46
1992,"Ordinary","B2",37
1992,"Ordinary","B3",37
1992,"Ordinary","C1",28
1992,"Ordinary","C2",28
1992,"Ordinary","C3",20
1992,"Ordinary","D1",20
1992,"Ordinary","D2",12
1992,"Ordinary","D3",12
1992,"Ordinary","E",0
1992,"Ordinary","F",0
1992,"Ordinary","NG",0
1993,"Higher","A1",100
1993,"Higher","A2",88
1993,"Higher","B1",88
1993,"Higher","B2",77
1993,"Higher","B3",77
1993,"Higher","C1",66
1993,"Higher","C2",66
1993,"Higher","C3",56
1993,"Higher","D1",56
1993,"Higher","D2",46
1993,"Higher","D3",46
1993,"Higher","E",33
1993,"Higher","F",0
1993,"Higher","NG",0
1993,"Ordinary","A1",56
1993,"Ordinary","A2",46
1993,"Ordinary","B1",46
1993,"Ordinary","B2",37
1993,"Ordinary","B3",37
1993,"Ordinary","C1",28
1993,"Ordinary","C2",28
1993,"Ordinary","C3",20
1993,"Ordinary","D1",20
1993,"Ordinary","D2",12
1993,"Ordinary","D3",12
1993,"Ordinary","E",0
1993,"Ordinary","F",0
1993,"Ordinary","NG",0
1994,"Higher","A1",100
1994,"Higher","A2",88
1994,"Higher","B1",88
1994,"Higher","B2",77
1994,"Higher","B3",77
1994,"Higher","C1",66
1994,"Higher","C2",66
1994,"Higher","C3",56
1994,"Higher","D1",56
1994,"Higher","D2",46
1994,"Higher","D3",46
1994,"Higher","E",33
1994,"Higher","F",0
1994,"Higher","NG",0
1994,"Ordinary","A1",56
1994,"Ordinary","A2",46
1994,"Ordinary","B1",46
1994,"Ordinary","B2",37
1994,"Ordinary","B3",37
1994,"Ordinary","C1",28
1994,"Ordinary","C2",28
1994,"Ordinary","C3",20
1994,"Ordinary","D1",20
1994,"Ordinary","D2",12
1994,"Ordinary","D3",12
1994,"Ordinary","E",0
1994,"Ordinary","F",0
1994,"Ordinary","NG",0
1995,"Higher","A1",100
1995,"Higher","A2",88
1995,"Higher","B1",88
1995,"Higher","B2",77
1995,"Higher","B3",77
1995,"Higher","C1",66
1995,"Higher","C2",66
1995,"Higher","C3",56
1995,"Higher","D1",56
1995,"Higher","D2",46
1995,"Higher","D3",46
1995,"Higher","E",33
1995,"Higher","F",0
1995,"Higher","NG",0
1995,"Ordinary","A1",56
1995,"Ordinary","A2",46
1995,"Ordinary","B1",46
1995,"Ordinary","B2",37
1995,"Ordinary","B3",37
1995,"Ordinary","C1",28
1995,"Ordinary","C2",28
1995,"Ordinary","C3",20
1995,"Ordinary","D1",20
1995,"Ordinary","D2",12
1995,"Ordinary","D3",12
1995,"Ordinary","E",0
1995,"Ordinary","F",0
1995,"Ordinary","NG",0
1996,"Higher","A1",100
1996,"Higher","A2",88
1996,"Higher","B1",88
1996,"Higher","B2",77
1996,"Higher","B3",77
1996,"Higher","C1",66
1996,"Higher","C2",66
1996,"Higher","C3",56
1996,"Higher","D1",56
1996,"Higher","D2",46
1996,"Higher","D3",46
1996,"Higher","E",33
1996,"Higher","F",0
1996,"Higher","NG",0
1996,"Ordinary","A1",56
1996,"Ordinary","A2",46
1996,"Ordinary","B1",46
1996,"Ordinary","B2",37
1996,"Ordinary","B3",37
1996,"Ordinary","C1",28
1996,"Ordinary","C2",28
1996,"Ordinary","C3",20
1996,"Ordinary","D1",20
1996,"Ordinary","D2",12
1996,"Ordinary","D3",12
1996,"Ordinary","E",0
1996,"Ordinary","F",0
1996,"Ordinary","NG",0
1997,"Higher","A1",100
1997,"Higher","A2",88
1997,"Higher","B1",88
1997,"Higher","B2",77
1997,"Higher","B3",77
1997,"Higher","C1",66
1997,"Higher","C2",66
1997,"Higher","C3",56
1997,"Higher","D1",56
1997,"Higher","D2",46
1997,"Higher","D3",46
1997,"Higher","E",33
1997,"Higher","F",0
1997,"Higher","NG",0
1997,"Ordinary","A1",56
1997,"Ordinary","A2",46
1997,"Ordinary","B1",46
1997,"Ordinary","B2",37
1997,"Ordinary","B3",37
1997,"Ordinary","C1",28
1997,"Ordinary","C2",28
1997,"Ordinary","C3",20
1997,"Ordinary","D1",20
1997,"Ordinary","D2",12
1997,"Ordinary","D3",12
1997,"Ordinary","E",0
1997,"Ordinary","F",0
1997,"Ordinary","NG",0
1998,"Higher","A1",100
1998,"Higher","A2",88
1998,"Higher","B1",88
1998,"Higher","B2",77
1998,"Higher","B3",77
1998,"Higher","C1",66
1998,"Higher","C2",66
1998,"Higher","C3",56
1998,"Higher","D1",56
1998,"Higher","D2",46
1998,"Higher","D3",46
1998,"Higher","E",33
1998,"Higher","F",0
1998,"Higher","NG",0
1998,"Ordinary","A1",56
1998,"Ordinary","A2",46
1998,"Ordinary","B1",46
1998,"Ordinary","B2",37
1998,"Ordinary","B3",37
1998,"Ordinary","C1",28
1998,"Ordinary","C2",28
1998,"Ordinary","C3",20
1998,"Ordinary","D1",20
1998,"Ordinary","D2",12
1998,"Ordinary","D3",12
1998,"Ordinary","E",0
1998,"Ordinary","F",0
1998,"Ordinary","NG",0
1999,"Higher","A1",100
1999,"Higher","A2",88
1999,"Higher","B1",88
1999,"Higher","B2",77
1999,"Higher","B3",77
1999,"Higher","C1",66
1999,"Higher","C2",66
1999,"Higher","C3",56
1999,"Higher","D1",56
1999,"Higher","D2",46
1999,"Higher","D3",46
1999,"Higher","E",33
1999,"Higher","F",0
1999,"Higher","NG",0
1999,"Ordinary","A1",56
1999,"Ordinary","A2",46
1999,"Ordinary","B1",46
1999,"Ordinary","B2",37
1999,"Ordinary","B3",37
1999,"Ordinary","C1",28
1999,"Ordinary","C2",28
1999,"Ordinary","C3",20
1999,"Ordinary","D1",20
1999,"Ordinary","D2",12
1999,"Ordinary","D3",12
1999,"Ordinary","E",0
1999,"Ordinary","F",0
1999,"Ordinary","NG",0
2000,"Higher","A1",100
2000,"Higher","A2",88
2000,"Higher","B1",88
2000,"Higher","B2",77
2000,"Higher","B3",77
2000,"Higher","C1",66
2000,"Higher","C2",66
2000,"Higher","C3",56
2000,"Higher","D1",56
2000,"Higher","D2",46
2000,"Higher","D3",46
2000,"Higher","E",33
2000,"Higher","F",0
2000,"Higher","NG",0
2000,"Ordinary","A1",56
2000,"Ordinary","A2",46
2000,"Ordinary","B1",46
2000,"Ordinary","B2",37
2000,"Ordinary","B3",37
2000,"Ordinary","C1",28
2000,"Ordinary","C2",28
2000,"Ordinary","C3",20
2000,"Ordinary","D1",20
2000,"Ordinary","D2",12
2000,"Ordinary","D3",12
2000,"Ordinary","E",0
2000,"Ordinary","F",0
2000,"Ordinary","NG",0
2001,"Higher","A1",100
2001,"Higher","A2",88
2001,"Higher","B1",88
2001,"Higher","B2",77
2001,"Higher","B3",77
2001,"Higher","C1",66
2001,"Higher","C2",66
2001,"Higher","C3",56
2001,"Higher","D1",56
2001,"Higher","D2",46
2001,"Higher","D3",46
2001,"Higher","E",33
2001,"Higher","F",0
2001,"Higher","NG",0
2001,"Ordinary","A1",56
2001,"Ordinary","A2",46
2001,"Ordinary","B1",46
2001,"Ordinary","B2",37
2001,"Ordinary","B3",37
2001,"Ordinary","C1",28
2001,"Ordinary","C2",28
2001,"Ordinary","C3",20
2001,"Ordinary","D1",20
2001,"Ordinary","D2",12
2001,"Ordinary","D3",12
2001,"Ordinary","E",0
2001,"Ordinary","F",0
2001,"Ordinary","NG",0
2002,"Higher","A1",100
2002,"Higher","A2",88
2002,"Higher","B1",88
2002,"Higher","B2",77
2002,"Higher","B3",77
2002,"Higher","C1",66
2002,"Higher","C2",66
2002,"Higher","C3",56
2002,"Higher","D1",56
2002,"Higher","D2",46
2002,"Higher","D3",46
2002,"Higher","E",33
2002,"Higher","F",0
2002,"Higher","NG",0
2002,"Ordinary","A1",56
2002,"Ordinary","A2",46
2002,"Ordinary","B1",46
2002,"Ordinary","B2",37
2002,"Ordinary","B3",37
2002,"Ordinary","C1",28
2002,"Ordinary","C2",28
2002,"Ordinary","C3",20
2002,"Ordinary","D1",20
2002,"Ordinary","D2",12
2002,"Ordinary","D3",12
2002,"Ordinary","E",0
2002,"Ordinary","F",0
2002,"Ordinary","NG",0
2003,"Higher","A1",100
2003,"Higher","A2",88
2003,"Higher","B1",88
2003,"Higher","B2",77
2003,"Higher","B3",77
2003,"Higher","C1",66
2003,"Higher","C2",66
2003,"Higher","C3",56
2003,"Higher","D1",56
2003,"Higher","D2",46
2003,"Higher","D3",46
2003,"Higher","E",33
2003,"Higher","F",0
2003,"Higher","NG",0
2003,"Ordinary","A1",56
2003,"Ordinary","A2",46
2003,"Ordinary","B1",46
2003,"Ordinary","B2",37
2003,"Ordinary","B3",37
2003,"Ordinary","C1",28
2003,"Ordinary","C2",28
2003,"Ordinary","C3",20
2003,"Ordinary","D1",20
2003,"Ordinary","D2",12
2003,"Ordinary","D3",12
2003,"Ordinary","E",0
2003,"Ordinary","F",0
2003,"Ordinary","NG",0
2004,"Higher","A1",100
2004,"Higher","A2",88
2004,"Higher","B1",88
2004,"Higher","B2",77
2004,"Higher","B3",77
2004,"Higher","C1",66
2004,"Higher","C2",66
2004,"Higher","C3",56
2004,"Higher","D1",56
2004,"Higher","D2",46
2004,"Higher","D3",46
2004,"Higher","E",33
2004,"Higher","F",0
2004,"Higher","NG",0
2004,"Ordinary","A1",56
2004,"Ordinary","A2",46
2004,"Ordinary","B1",46
2004,"Ordinary","B2",37
2004,"Ordinary","B3",37
2004,"Ordinary","C1",28
2004,"Ordinary","C2",28
2004,"Ordinary","C3",20
2004,"Ordinary","D1",20
2004,"Ordinary","D2",12
2004,"Ordinary","D3",12
2004,"Ordinary","E",0
2004,"Ordinary","F",0
2004,"Ordinary","NG",0
2005,"Higher","A1",100
2005,"Higher","A2",88
2005,"Higher","B1",88
2005,"Higher","B2",77
2005,"Higher","B3",77
2005,"Higher","C1",66
2005,"Higher","C2",66
2005,"Higher","C3",56
2005,"Higher","D1",56
2005,"Higher","D2",46
2005,"Higher","D3",46
2005,"Higher","E",33
2005,"Higher","F",0
2005,"Higher","NG",0
2005,"Ordinary","A1",56
2005,"Ordinary","A2",46
2005,"Ordinary","B1",46
2005,"Ordinary","B2",37
2005,"Ordinary","B3",37
2005,"Ordinary","C1",28
2005,"Ordinary","C2",28
2005,"Ordinary","C3",20
2005,"Ordinary","D1",20
2005,"Ordinary","D2",12
2005,"Ordinary","D3",12
2005,"Ordinary","E",0
2005,"Ordinary","F",0
2005,"Ordinary","NG",0
2006,"Higher","A1",100
2006,"Higher","A2",88
2006,"Higher","B1",88
2006,"Higher","B2",77
2006,"Higher","B3",77
2006,"Higher","C1",66
2006,"Higher","C2",66
2006,"Higher","C3",56
2006,"Higher","D1",56
2006,"Higher","D2",46
2006,"Higher","D3",46
2006,"Higher","E",33
2006,"Higher","F",0
2006,"Higher","NG",0
2006,"Ordinary","A1",56
2006,"Ordinary","A2",46
2006,"Ordinary","B1",46
2006,"Ordinary","B2",37
2006,"Ordinary","B3",37
2006,"Ordinary","C1",28
2006,"Ordinary","C2",28
2006,"Ordinary","C3",20
2006,"Ordinary","D1",20
2006,"Ordinary","D2",12
2006,"Ordinary","D3",12
2006,"Ordinary","E",0
2006,"Ordinary","F",0
2006,"Ordinary","NG",0
2007,"Higher","A1",100
2007,"Higher","A2",88
2007,"Higher","B1",88
2007,"Higher","B2",77
2007,"Higher","B3",77
2007,"Higher","C1",66
2007,"Higher","C2",66
2007,"Higher","C3",56
2007,"Higher","D1",56
2007,"Higher","D2",46
2007,"Higher","D3",46
2007,"Higher","E",33
2007,"Higher","F",0
2007,"Higher","NG",0
2007,"Ordinary","A1",56
2007,"Ordinary","A2",46
2007,"Ordinary","B1",46
2007,"Ordinary","B2",37
2007,"Ordinary","B3",37
2007,"Ordinary","C1",28
2007,"Ordinary","C2",28
2007,"Ordinary","C3",20
2007,"Ordinary","D1",20
2007,"Ordinary","D2",12
2007,"Ordinary","D3",12
2007,"Ordinary","E",0
2007,"Ordinary","F",0
2007,"Ordinary","NG",0
2008,"Higher","A1",100
2008,"Higher","A2",88
2008,"Higher","B1",88
2008,"Higher","B2",77
2008,"Higher","B3",77
2008,"Higher","C1",66
2008,"Higher","C2",66
2008,"Higher","C3",56
2008,"Higher","D1",56
2008,"Higher","D2",46
2008,"Higher","D3",46
2008,"Higher","E",33
2008,"Higher","F",0
2008,"Higher","NG",0
2008,"Ordinary","A1",56
2008,"Ordinary","A2",46
2008,"Ordinary","B1",46
2008,"Ordinary","B2",37
2008,"Ordinary","B3",37
2008,"Ordinary","C1",28
2008,"Ordinary","C2",28
2008,"Ordinary","C3",20
2008,"Ordinary","D1",20
2008,"Ordinary","D2",12
2008,"Ordinary","D3",12
2008,"Ordinary","E",0
2008,"Ordinary","F",0
2008,"Ordinary","NG",0
2009,"Higher","A1",100
2009,"Higher","A2",88
2009,"Higher","B1",88
2009,"Higher","B2",77
2009,"Higher","B3",77
2009,"Higher","C1",66
2009,"Higher","C2",66
2009,"Higher","C3",56
2009,"Higher","D1",56
2009,"Higher","D2",46
2009,"Higher","D3",46
2009,"Higher","E",33
2009,"Higher","F",0
2009,"Higher","NG",0
2009,"Ordinary","A1",56
2009,"Ordinary","A2",46
2009,"Ordinary","B1",46
2009,"Ordinary","B2",37
2009,"Ordinary","B3",37
2009,"Ordinary","C1",28
2009,"Ordinary","C2",28
2009,"Ordinary","C3",20
2009,"Ordinary","D1",20
2009,"Ordinary","D2",12
2009,"Ordinary","D3",12
2009,"Ordinary","E",0
2009,"Ordinary","F",0
2009,"Ordinary","NG",0
2010,"Higher","A1",100
2010,"Higher","A2",88
2010,"Higher","B1",88
2010,"Higher","B2",77
2010,"Higher","B3",77
2010,"Higher","C1",66
2010,"Higher","C2",66
2010,"Higher","C3",56
2010,"Higher","D1",56
2010,"Higher","D2",46
2010,"Higher","D3",46
2010,"Higher","E",33
2010,"Higher","F",0
2010,"Higher","NG",0
2010,"Ordinary","A1",56
2010,"Ordinary","A2",46
2010,"Ordinary","B1",46
2010,"Ordinary","B2",37
2010,"Ordinary","B3",37
2010,"Ordinary","C1",28
2010,"Ordinary","C2",28
2010,"Ordinary","C3",20
2010,"Ordinary","D1",20
2010,"Ordinary","D2",12
2010,"Ordinary","D3",12
2010,"Ordinary","E",0
2010,"Ordinary","F",0
2010,"Ordinary","NG",0
2011,"Higher","A1",100
2011,"Higher","A2",88
2011,"Higher","B1",88
2011,"Higher","B2",77
2011,"Higher","B3",77
2011,"Higher","C1",66
2011,"Higher","C2",66
2011,"Higher","C3",56
2011,"Higher","D1",56
2011,"Higher","D2",46
2011,"Higher","D3",46
2011,"Higher","E",33
2011,"Higher","F",0
2011,"Higher","NG",0
2011,"Ordinary","A1",56
2011,"Ordinary","A2",46
2011,"Ordinary","B1",46
2011,"Ordinary","B2",37
2011,"Ordinary","B3",37
2011,"Ordinary","C1",28
2011,"Ordinary","C2",28
2011,"Ordinary","C3",20
2011,"Ordinary","D1",20
2011,"Ordinary","D2",12
2011,"Ordinary","D3",12
2011,"Ordinary","E",0
2011,"Ordinary","F",0
2011,"Ordinary","NG",0
2012,"Higher","A1",100
2012,"Higher","A2",88
2012,"Higher","B1",88
2012,"Higher","B2",77
2012,"Higher","B3",77
2012,"Higher","C1",66
2012,"Higher","C2",66
2012,"Higher","C3",56
2012,"Higher","D1",56
2012,"Higher","D2",46
2012,"Higher","D3",46
2012,"Higher","E",33
2012,"Higher","F",0
2012,"Higher","NG",0
2012,"Ordinary","A1",56
2012,"Ordinary","A2",46
2012,"Ordinary","B1",46
2012,"Ordinary","B2",37
2012,"Ordinary","B3",37
2012,"Ordinary","C1",28
2012,"Ordinary","C2",28
2012,"Ordinary","C3",20
2012,"Ordinary","D1",20
2012,"Ordinary","D2",12
2012,"Ordinary","D3",12
2012,"Ordinary","E",0
2012,"Ordinary","F",0
2012,"Ordinary","NG",0
2013,"Higher","A1",100
2013,"Higher","A2",88
2013,"Higher","B1",88
2013,"Higher","B2",77
2013,"Higher","B3",77
2013,"Higher","C1",66
2013,"Higher","C2",66
2013,"Higher","C3",56
2013,"Higher","D1",56
2013,"Higher","D2",46
2013,"Higher","D3",46
2013,"Higher","E",33
2013,"Higher","F",0
2013,"Higher","NG",0
2013,"Ordinary","A1",56
2013,"Ordinary","A2",46
2013,"Ordinary","B1",46
2013,"Ordinary","B2",37
2013,"Ordinary","B3",37
2013,"Ordinary","C1",28
2013,"Ordinary","C2",28
2013,"Ordinary","C3",20
2013,"Ordinary","D1",20
2013,"Ordinary","D2",12
2013,"Ordinary","D3",12
2013,"Ordinary","E",0
2013,"Ordinary","F",0
2013,"Ordinary","NG",0
2014,"Higher","A1",100
2014,"Higher","A2",88
2014,"Higher","B1",88
2014,"Higher","B2",77
2014,"Higher","B3",77
2014,"Higher","C1",66
2014,"Higher","C2",66
2014,"Higher","C3",56
2014,"Higher","D1",56
2014,"Higher","D2",46
2014,"Higher","D3",46
2014,"Higher","E",33
2014,"Higher","F",0
2014,"Higher","NG",0
2014,"Ordinary","A1",56
2014,"Ordinary","A2",46
2014,"Ordinary","B1",46
2014,"Ordinary","B2",37
2014,"Ordinary","B3",37
2014,"Ordinary","C1",28
2014,"Ordinary","C2",28
2014,"Ordinary","C3",20
2014,"Ordinary","D1",20
2014,"Ordinary","D2",12
2014,"Ordinary","D3",12
2014,"Ordinary","E",0
2014,"Ordinary","F",0
2014,"Ordinary","NG",0
2015,"Higher","A1",100
2015,"Higher","A2",88
2015,"Higher","B1",88
2015,"Higher","B2",77
2015,"Higher","B3",77
2015,"Higher","C1",66
2015,"Higher","C2",66
2015,"Higher","C3",56
2015,"Higher","D1",56
2015,"Higher","D2",46
2015,"Higher","D3",46
2015,"Higher","E",33
2015,"Higher","F",0
2015,"Higher","NG",0
2015,"Ordinary","A1",56
2015,"Ordinary","A2",46
2015,"Ordinary","B1",46
2015,"Ordinary","B2",37
2015,"Ordinary","B3",37
2015,"Ordinary","C1",28
2015,"Ordinary","C2",28
2015,"Ordinary","C3",20
2015,"Ordinary","D1",20
2015,"Ordinary","D2",12
2015,"Ordinary","D3",12
2015,"Ordinary","E",0
2015,"Ordinary","F",0
2015,"Ordinary","NG",0
2016,"Higher","A1",100
2016,"Higher","A2",88
2016,"Higher","B1",88
2016,"Higher","B2",77
2016,"Higher","B3",77
2016,"Higher","C1",66
2016,"Higher","C2",66
2016,"Higher","C3",56
2016,"Higher","D1",56
2016,"Higher","D2",46
2016,"Higher","D3",46
2016,"Higher","E",33
2016,"Higher","F",0
2016,"Higher","NG",0
2016,"Ordinary","A1",56
2016,"Ordinary","A2",46
2016,"Ordinary","B1",46
2016,"Ordinary","B2",37
2016,"Ordinary","B3",37
2016,"Ordinary","C1",28
2016,"Ordinary","C2",28
2016,"Ordinary","C3",20
2016,"Ordinary","D1",20
2016,"Ordinary","D2",12
2016,"Ordinary","D3",12
2016,"Ordinary","E",0
2016,"Ordinary","F",0
2016,"Ordinary","NG",0
2017,"Foundation","F1",0
2017,"Foundation","F2",0
2017,"Foundation","F3",0
2017,"Foundation","F4",0
2017,"Foundation","F5",0
2017,"Foundation","F6",0
2017,"Foundation","F7",0
2017,"Foundation","F8",0
2017,"Higher","H1",100
2017,"Higher","H2",88
2017,"Higher","H3",77
2017,"Higher","H4",66
2017,"Higher","H5",56
2017,"Higher","H6",46
2017,"Higher","H7",37
2017,"Higher","H8",0
2017,"Ordinary","O1",56
2017,"Ordinary","O2",46
2017,"Ordinary","O3",37
2017,"Ordinary","O4",28
2017,"Ordinary","O5",20
2017,"Ordinary","O6",12
2017,"Ordinary","O7",0
2017,"Ordinary","O8",0
2018,"Foundation","F1",0
2018,"Foundation","F2",0
2018,"Foundation","F3",0
2018,"Foundation","F4",0
2018,"Foundation","F5",0
2018,"Foundation","F6",0
2018,"Foundation","F7",0
2018,"Foundation","F8",0
2018,"Higher","H1",100
2018,"Higher","H2",88
2018,"Higher","H3",77
2018,"Higher","H4",66
2018,"Higher","H5",56
2018,"Higher","H6",46
2018,"Higher","H7",37
2018,"Higher","H8",0
2018,"Ordinary","O1",56
2018,"Ordinary","O2",46
2018,"Ordinary","O3",37
2018,"Ordinary","O4",28
2018,"Ordinary","O5",20
2018,"Ordinary","O6",12
2018,"Ordinary","O7",0
2018,"Ordinary","O8",0
2019,"Foundation","F1",0
2019,"Foundation","F2",0
2019,"Foundation","F3",0
2019,"Foundation","F4",0
2019,"Foundation","F5",0
2019,"Foundation","F6",0
2019,"Foundation","F7",0
2019,"Foundation","F8",0
2019,"Higher","H1",100
2019,"Higher","H2",88
2019,"Higher","H3",77
2019,"Higher","H4",66
2019,"Higher","H5",56
2019,"Higher","H6",46
2019,"Higher","H7",37
2019,"Higher","H8",0
2019,"Ordinary","O1",56
2019,"Ordinary","O2",46
2019,"Ordinary","O3",37
2019,"Ordinary","O4",28
2019,"Ordinary","O5",20
2019,"Ordinary","O6",12
2019,"Ordinary","O7",0
2019,"Ordinary","O8",0
2020,"Foundation","F1",0
2020,"Foundation","F2",0
2020,"Foundation","F3",0
2020,"Foundation","F4",0
2020,"Foundation","F5",0
2020,"Foundation","F6",0
2020,"Foundation","F7",0
2020,"Foundation","F8",0
2020,"Higher","H1",100
2020,"Higher","H2",88
2020,"Higher","H3",77
2020,"Higher","H4",66
2020,"Higher","H5",56
2020,"Higher","H6",46
2020,"Higher","H7",37
2020,"Higher","H8",0
2020,"Ordinary","O1",56
2020,"Ordinary","O2",46
2020,"Ordinary","O3",37
2020,"Ordinary","O4",28
2020,"Ordinary","O5",20
2020,"Ordinary","O6",12
2020,"Ordinary","O7",0
2020,"Ordinary","O8",0
2021,"Foundation","F1",0
2021,"Foundation","F2",0
2021,"Foundation","F3",0
2021,"Foundation","F4",0
2021,"Foundation","F5",0
2021,"Foundation","F6",0
2021,"Foundation","F7",0
2021,"Foundation","F8",0
2021,"Higher","H1",100
2021,"Higher","H2",88
2021,"Higher","H3",77
2021,"Higher","H4",66
2021,"Higher","H5",56
2021,"Higher","H6",46
2021,"Higher","H7",37
2021,"Higher","H8",0
2021,"Ordinary","O1",56
2021,"Ordinary","O2",46
2021,"Ordinary","O3",37
2021,"Ordinary","O4",28
2021,"Ordinary","O5",20
2021,"Ordinary","O6",12
2021,"Ordinary","O7",0
2021,"Ordinary","O8",0
2022,"Foundation","F1",0
2022,"Foundation","F2",0
2022,"Foundation","F3",0
2022,"Foundation","F4",0
2022,"Foundation","F5",0
2022,"Foundation","F6",0
2022,"Foundation","F7",0
2022,"Foundation","F8",0
2022,"Higher","H1",100
2022,"Higher","H2",88
2022,"Higher","H3",77
2022,"Higher","H4",66
2022,"Higher","H5",56
2022,"Higher","H6",46
2022,"Higher","H7",37
2022,"Higher","H8",0
2022,"Ordinary","O1",56
2022,"Ordinary","O2",46
2022,"Ordinary","O3",37
2022,"Ordinary","O4",28
2022,"Ordinary","O5",20
2022,"Ordinary","O6",12
2022,"Ordinary","O7",0
2022,"Ordinary","O8",0
2023,"Foundation","F1",0
2023,"Foundation","F2",0
2023,"Foundation","F3",0
2023,"Foundation","F4",0
2023,"Foundation","F5",0
2023,"Foundation","F6",0
2023,"Foundation","F7",0
2023,"Foundation","F8",0
2023,"Higher","H1",100
2023,"Higher","H2",88
2023,"Higher","H3",77
2023,"Higher","H4",66
2023,"Higher","H5",56
2023,"Higher","H6",46
2023,"Higher","H7",37
2023,"Higher","H8",0
2023,"Ordinary","O1",56
2023,"Ordinary","O2",46
2023,"Ordinary","O3",37
2023,"Ordinary","O4",28
2023,"Ordinary","O5",20
2023,"Ordinary","O6",12
2023,"Ordinary","O7",0
2023,"Ordinary","O8",0
2024,"Foundation","F1",0
2024,"Foundation","F2",0
2024,"Foundation","F3",0
2024,"Foundation","F4",0
2024,"Foundation","F5",0
2024,"Foundation","F6",0
2024,"Foundation","F7",0
2024,"Foundation","F8",0
2024,"Higher","H1",100
2024,"Higher","H2",88
2024,"Higher","H3",77
2024,"Higher","H4",66
2024,"Higher","H5",56
2024,"Higher","H6",46
2024,"Higher","H7",37
2024,"Higher","H8",0
2024,"Ordinary","O1",56
2024,"Ordinary","O2",46
2024,"Ordinary","O3",37
2024,"Ordinary","O4",28
2024,"Ordinary","O5",20
2024,"Ordinary","O6",12
2024,"Ordinary","O7",0
2024,"Ordinary","O8",0
2025,"Foundation","F1",0
2025,"Foundation","F2",0
2025,"Foundation","F3",0
2025,"Foundation","F4",0
2025,"Foundation","F5",0
2025,"Foundation","F6",0
2025,"Foundation","F7",0
2025,"Foundation","F8",0
2025,"Higher","H1",100
2025,"Higher","H2",88
2025,"Higher","H3",77
2025,"Higher","H4",66
2025,"Higher","H5",56
2025,"Higher","H6",46
2025,"Higher","H7",37
2025,"Higher","H8",0
2025,"Ordinary","O1",56
2025,"Ordinary","O2",46
2025,"Ordinary","O3",37
2025,"Ordinary","O4",28
2025,"Ordinary","O5",20
2025,"Ordinary","O6",12
2025,"Ordinary","O7",0
2025,"Ordinary","O8",0
2026,"Foundation","F1",0
2026,"Foundation","F2",0
2026,"Foundation","F3",0
2026,"Foundation","F4",0
2026,"Foundation","F5",0
2026,"Foundation","F6",0
2026,"Foundation","F7",0
2026,"Foundation","F8",0
2026,"Higher","H1",100
2026,"Higher","H2",88
2026,"Higher","H3",77
2026,"Higher","H4",66
2026,"Higher","H5",56
2026,"Higher","H6",46
2026,"Higher","H7",37
2026,"Higher","H8",0
2026,"Ordinary","O1",56
2026,"Ordinary","O2",46
2026,"Ordinary","O3",37
2026,"Ordinary","O4",28
2026,"Ordinary","O5",20
2026,"Ordinary","O6",12
2026,"Ordinary","O7",0
2026,"Ordinary","O8",0
