participant_id,participant_public_id,participant_status,participant_completion_code,age,gender,gender_quantised,region_residence,region_residence_quantised,irish_l1_status,irish_l1_status_quantised,age_began_learning,informal_exposure_before,informal_exposure_before_quantised,informal_exposure_context,gaeltacht_contact,gaeltacht_contact_quantised,gaeltacht_contact_context,current_use_frequency,current_use_frequency_quantised,irish_related_occupation,irish_related_occupation_quantised,irish_related_occupation_context,is_parent,is_parent_quantised,parent_engagement,parent_engagement_quantised,leaving_cert_year,leaving_cert_year_quantised,leaving_cert_paper,leaving_cert_paper_quantised,no_lc_self_rated_proficiency,no_lc_self_rated_proficiency_quantised,no_lc_context,leaving_cert_grade,leaving_cert_grade_quantised,continued_study_after_lc,continued_study_after_lc_quantised,continued_study_details,exposure_signage_media,exposure_signage_media_quantised,exposure_conversations,exposure_conversations_quantised,exposure_media_consumption,exposure_media_consumption_quantised,exposure_events,exposure_events_quantised,exposure_family_social,exposure_family_social_quantised,integrative_q21,integrative_q21_quantised,integrative_q22,integrative_q22_quantised,integrative_q23,integrative_q23_quantised,integrative_q24,integrative_q24_quantised,instrumental_q25,instrumental_q25_quantised,instrumental_q26,instrumental_q26_quantised,learning_exp_q37,learning_exp_q37_quantised,learning_exp_q38,learning_exp_q38_quantised,learning_exp_q39,learning_exp_q39_quantised,learning_exp_q40,learning_exp_q40_quantised,classroom_anxiety_q41,classroom_anxiety_q41_quantised,classroom_anxiety_q42,classroom_anxiety_q42_quantised,motivation_confidence_q28,motivation_confidence_q28_quantised,parental_encouragement_q43,parental_encouragement_q43_quantised,parental_encouragement_q44,parental_encouragement_q44_quantised,parental_encouragement_q45,parental_encouragement_q45_quantised,parental_encouragement_q46,parental_encouragement_q46_quantised,family_irish_proficiency_parent,family_irish_proficiency_parent_quantised,family_irish_proficiency_helper,family_irish_proficiency_helper_quantised,has_additional_languages,has_additional_languages_quantised,additional_languages_count_self_report,lang1_name,lang1_proficiency,lang1_proficiency_quantised,lang1_acquisition_timing_duration,lang1_lc_status,lang1_lc_status_quantised,lang1_lc_grade,lang1_lc_grade_quantised,lang1_use_frequency,lang1_use_frequency_quantised,lang2_name,lang2_proficiency,lang2_proficiency_quantised,lang2_acquisition_timing_duration,lang2_lc_status,lang2_lc_status_quantised,lang2_lc_grade,lang2_lc_grade_quantised,lang2_use_frequency,lang2_use_frequency_quantised,lang3_name,lang3_use_frequency,lang3_use_frequency_quantised,lang4_name,lang4_use_frequency,lang4_use_frequency_quantised,primary_school_type,primary_school_type_quantised,secondary_school_type,secondary_school_type_quantised,highest_education,highest_education_quantised,secondary_school_region,secondary_school_region_quantised,lived_abroad,lived_abroad_quantised,years_abroad,abroad_irish_access,abroad_irish_access_quantised,abroad_irish_access_context,attitude_q34,attitude_q34_quantised,attitude_q35,attitude_q35_quantised,attitude_q36,attitude_q36_quantised,linguistic_identity_q49,linguistic_identity_q49_quantised,linguistic_identity_q50,linguistic_identity_q50_quantised,self_rated_attrition_q51,self_rated_attrition_q51_quantised,reconnection_motivation_q52,reconnection_motivation_q52_quantised,current_use_contexts__work,current_use_contexts__social_settings,current_use_contexts__media_or_social_media,current_use_contexts__family,current_use_contexts__other,current_use_contexts__not_applicable,lang1_acquisition_context__formal_classroom_instruction,lang1_acquisition_context__living_or_studying_abroad,lang1_acquisition_context__immersion_program,lang1_acquisition_context__family_or_heritage_learned_at_home,lang1_acquisition_context__self_study,lang1_acquisition_context__other,lang1_use_contexts__work,lang1_use_contexts__social_settings,lang1_use_contexts__media_or_social_media,lang1_use_contexts__family,lang1_use_contexts__other,lang1_use_contexts__not_applicable,lang2_acquisition_context__formal_classroom_instruction,lang2_acquisition_context__living_or_studying_abroad,lang2_acquisition_context__immersion_program,lang2_acquisition_context__family_or_heritage_learned_at_home,lang2_acquisition_context__self_study,lang2_acquisition_context__other,lang2_use_contexts__work,lang2_use_contexts__social_settings,lang2_use_contexts__media_or_social_media,lang2_use_contexts__family,lang2_use_contexts__other,lang2_use_contexts__not_applicable,reconnection_channels__social_media_or_online_communities_e_g_facebook_groups,reconnection_channels__language_apps_e_g_duolingo,reconnection_channels__evening_classes_or_courses,reconnection_channels__conversation_groups_or_meet_ups_e_g_pub_nights,reconnection_channels__trips_to_the_gaeltacht,reconnection_channels__other,reconnection_channels__none_so_far,current_use_contexts,lang1_acquisition_context,lang1_use_contexts,reconnection_channels,lang2_acquisition_context,lang2_use_contexts,consent_given,exposure_composite,integrative_motivation_composite,multilingualism_count,proficiency_used_fallback,proficiency_fallback_self_rated,proficiency_score,attitude_composite,learning_experience_composite,classroom_anxiety_composite,parental_encouragement_composite,linguistic_identity_now_composite,instrumental_motivation_composite,self_rated_attrition,reconnection_motivation,motivation_confidence,current_use_frequency_num,birth_year,primary_school_start_year,curriculum_cohort,n_recall_trials,n_recalled,n_recall_flagged,production_accuracy_pct,n_recognition_trials,n_recognized,n_recognition_flagged,recognition_accuracy_pct,n_recalled_full,n_recognized_only,n_neither
16602613,BLINDED,complete,NA,55,Female,1,Munster,2,"Second language, learned at school",2,4,FALSE,2,NA,FALSE,2,NA,Rarely - a few times a year,2,FALSE,2,NA,TRUE,1,"Yes, in the past — children have since finished school",2,1988,39,Higher level,1,NA,0,NA,B,2,No,2,NA,Daily or almost daily,5,Occasionally,3,Occasionally,3,Rarely,2,Occasionally,3,5,5,3,3,3,3,3,3,5,5,3,3,4,4,4,4,4,4,3,3,1,1,1,1,5,5,5,5,5,5,5,5,5,5,FALSE,2,FALSE,2,Yes,1,2,German,Intermediate,2,1983 to 1988,Higher level,3,B,2,Rarely - a few time a year,2,French,Beginner,1,1983-1988,Higher level,3,B,2,Rarely - a few time a year,2,NA,NA,0,NA,NA,0,English-medium school,2,English-medium school,2,Bachelor's degree,6,Munster,2,TRUE,1,3,No,2,NA,5,5,5,5,5,5,4,4,5,5,3,3,5,5,FALSE,TRUE,FALSE,FALSE,FALSE,FALSE,TRUE,FALSE,FALSE,TRUE,TRUE,FALSE,FALSE,FALSE,FALSE,TRUE,FALSE,FALSE,TRUE,FALSE,FALSE,FALSE,FALSE,FALSE,FALSE,TRUE,FALSE,FALSE,FALSE,FALSE,TRUE,FALSE,FALSE,FALSE,FALSE,TRUE,FALSE,Social settings,Formal classroom instruction; Family or heritage — learned at home; Self-study,Family,Social media or online communities (e.g. Facebook groups); Other,Formal classroom instruction,Social settings,TRUE,3.2,3.5,0,FALSE,NA,80,5,3.75,1,5,4.5,4,3,5,5,2,1971,1975,pre_1999,60,47,5,85.45454545454545,14,9,1,69.23076923076923,47,8,3
16602619,BLINDED,complete,NA,65,Male,2,Munster,2,"Second language, learned at school",2,4,FALSE,2,NA,FALSE,2,NA,Rarely - a few times a year,2,FALSE,2,NA,TRUE,1,No,3,1979,48,Higher level,1,NA,0,NA,B,2,No,2,NA,Often,4,Rarely,2,Rarely,2,Rarely,2,Never,1,2,2,3,3,1,1,2,2,5,5,4,4,3,3,2,2,4,4,2,2,2,2,2,2,3,3,1,1,1,1,1,1,4,4,FALSE,2,FALSE,2,Yes,1,1,french,Intermediate,2,school 5 years,Higher level,3,B,2,Rarely - a few time a year,2,NA,NA,0,NA,NA,0,NA,0,NA,0,NA,NA,0,NA,NA,0,English-medium school,2,English-medium school,2,Postgraduate Diploma or Master's degree,7,Leinster,1,TRUE,1,3,No,2,NA,4,4,4,4,4,4,2,2,2,2,4,4,4,4,FALSE,TRUE,FALSE,FALSE,FALSE,FALSE,TRUE,FALSE,FALSE,FALSE,FALSE,FALSE,FALSE,FALSE,FALSE,FALSE,TRUE,FALSE,FALSE,FALSE,FALSE,FALSE,FALSE,FALSE,FALSE,FALSE,FALSE,FALSE,FALSE,FALSE,FALSE,FALSE,FALSE,TRUE,FALSE,FALSE,FALSE,Social settings,Formal classroom instruction,Other,Conversation groups or meet-ups (e.g. pub nights),NA,NA,TRUE,2.2,2,0,FALSE,NA,80,4,2.75,2,1.75,2,4.5,4,4,3,2,1961,1965,pre_1999,60,42,5,76.36363636363637,22,12,2,60,42,8,7
16605479,BLINDED,complete,NA,54,Female,1,Leinster,1,"Second language, learned at school",2,4,FALSE,2,NA,TRUE,1,3 weeks in a summer Gaeltacht in Galway before going into 3rd year of secondary school.,Rarely - a few times a year,2,FALSE,2,NA,TRUE,1,"Yes, in the past — children have since finished school",2,1989,38,Ordinary level,2,NA,0,NA,Do not remember grade,7,No,2,NA,Often,4,Never,1,Never,1,Never,1,Rarely,2,4,4,2,2,3,3,2,2,5,5,5,5,2,2,2,2,2,2,2,2,3,3,2,2,2,2,2,2,5,5,3,3,5,5,FALSE,2,FALSE,2,No,2,NA,NA,NA,0,NA,NA,0,NA,0,NA,0,NA,NA,0,NA,NA,0,NA,0,NA,0,NA,NA,0,NA,NA,0,English-medium school,2,English-medium school,2,Postgraduate Diploma or Master's degree,7,Leinster,1,FALSE,2,NA,NA,0,NA,4,4,5,5,4,4,5,5,5,5,4,4,4,4,FALSE,FALSE,FALSE,TRUE,FALSE,FALSE,FALSE,FALSE,FALSE,FALSE,FALSE,FALSE,FALSE,FALSE,FALSE,FALSE,FALSE,FALSE,FALSE,FALSE,FALSE,FALSE,FALSE,FALSE,FALSE,FALSE,FALSE,FALSE,FALSE,FALSE,FALSE,TRUE,TRUE,FALSE,FALSE,FALSE,FALSE,Family,NA,NA,Language apps (e.g. Duolingo); Evening classes or courses,NA,NA,TRUE,1.8,2.75,0,FALSE,NA,NA,4.333333333333333,2,2.5,3.75,5,5,4,4,2,2,1972,1976,pre_1999,60,36,9,70.58823529411764,34,21,3,67.74193548387098,36,11,10
16602630,BLINDED,complete,NA,52,Female,1,Munster,2,"Second language, learned at school",2,5,FALSE,2,NA,TRUE,1,went to garlteacht once when 14,Often - weekly,4,FALSE,2,NA,FALSE,2,NA,0,1991,36,Ordinary level,2,NA,0,NA,B,2,No,2,NA,Daily or almost daily,5,Rarely,2,Occasionally,3,Rarely,2,Often,4,3,3,1,1,1,1,1,1,5,5,3,3,1,1,1,1,2,2,1,1,4,4,4,4,5,5,3,3,2,2,2,2,5,5,FALSE,2,TRUE,1,Yes,1,1,Spanish,Intermediate,2,2005 for 1 year living in Argentina,Not taken for Leaving Certificate,1,NA,0,Rarely - a few time a year,2,NA,NA,0,NA,NA,0,NA,0,NA,0,NA,NA,0,NA,NA,0,English-medium school,2,English-medium school,2,Postgraduate Diploma or Master's degree,7,Leinster,1,TRUE,1,6,No,2,NA,5,5,5,5,5,5,3,3,5,5,4,4,5,5,FALSE,FALSE,FALSE,TRUE,FALSE,FALSE,FALSE,TRUE,FALSE,FALSE,FALSE,FALSE,FALSE,FALSE,FALSE,FALSE,TRUE,FALSE,FALSE,FALSE,FALSE,FALSE,FALSE,FALSE,FALSE,FALSE,FALSE,FALSE,FALSE,FALSE,FALSE,FALSE,FALSE,TRUE,FALSE,FALSE,FALSE,Family,Living or studying abroad,Other,Conversation groups or meet-ups (e.g. pub nights),NA,NA,TRUE,3.2,1.5,0,FALSE,NA,40,5,1.25,4,3,4,4,4,5,5,4,1974,1979,pre_1999,60,32,3,56.14035087719298,33,24,0,72.72727272727273,32,19,9
16602631,BLINDED,complete,NA,63,Female,1,Leinster,1,"Second language, learned at school",2,4,FALSE,2,NA,TRUE,1,3 weeks in Gaeltacht in 2nd year,Rarely - a few times a year,2,FALSE,2,NA,TRUE,1,"Yes, in the past — children have since finished school",2,1981,46,Higher level,1,NA,0,NA,C,3,No,2,NA,Occasionally,3,Rarely,2,Occasionally,3,Never,1,Rarely,2,5,5,4,4,3,3,1,1,4,4,4,4,4,4,4,4,4,4,4,4,3,3,3,3,3,3,4,4,4,4,4,4,4,4,TRUE,1,TRUE,1,No,2,NA,NA,NA,0,NA,NA,0,NA,0,NA,0,NA,NA,0,NA,NA,0,NA,0,NA,0,NA,NA,0,NA,NA,0,English-medium school,2,English-medium school,2,Third-level Certificate or Diploma,5,Leinster,1,FALSE,2,NA,NA,0,NA,4,4,5,5,3,3,3,3,5,5,4,4,3,3,FALSE,TRUE,FALSE,FALSE,FALSE,FALSE,FALSE,FALSE,FALSE,FALSE,FALSE,FALSE,FALSE,FALSE,FALSE,FALSE,FALSE,FALSE,FALSE,FALSE,FALSE,FALSE,FALSE,FALSE,FALSE,FALSE,FALSE,FALSE,FALSE,FALSE,TRUE,TRUE,FALSE,FALSE,FALSE,FALSE,FALSE,Social settings,NA,NA,Social media or online communities (e.g. Facebook groups); Language apps (e.g. Duolingo),NA,NA,TRUE,2.2,3.25,0,FALSE,NA,65,4,4,3,4,4,4,4,3,3,2,1963,1967,pre_1999,60,38,4,67.85714285714285,29,17,2,62.96296296296296,38,12,9
16602608,BLINDED,complete,NA,32,Female,1,Connacht,3,"Second language, learned at school",2,4,FALSE,2,NA,TRUE,1,went to the gealtacht in secondary school in 2nd year and 5th year summers. Also went to a gaelscoil for 3 years in primary school (1st to 3rd class),Rarely - a few times a year,2,FALSE,2,NA,FALSE,2,NA,0,2016,11,Higher level,1,NA,0,NA,B,2,No,2,NA,Rarely,2,Rarely,2,Rarely,2,Rarely,2,Rarely,2,5,5,4,4,4,4,4,4,5,5,5,5,5,5,5,5,5,5,3,3,1,1,1,1,5,5,5,5,4,4,3,3,4,4,FALSE,2,FALSE,2,Yes,1,1,Spanish,Intermediate,2,secondary school and aged 26. 7 years total learning,Higher level,3,A,1,Rarely - a few time a year,2,NA,NA,0,NA,NA,0,NA,0,NA,0,NA,NA,0,NA,NA,0,Other,3,English-medium school,2,Postgraduate Diploma or Master's degree,7,Leinster,1,TRUE,1,4.5,No,2,NA,5,5,5,5,5,5,2,2,5,5,3,3,3,3,FALSE,TRUE,FALSE,TRUE,FALSE,FALSE,TRUE,TRUE,FALSE,FALSE,TRUE,FALSE,FALSE,FALSE,TRUE,FALSE,TRUE,FALSE,FALSE,FALSE,FALSE,FALSE,FALSE,FALSE,FALSE,FALSE,FALSE,FALSE,FALSE,FALSE,FALSE,TRUE,FALSE,TRUE,TRUE,FALSE,FALSE,Social settings; Family,Formal classroom instruction; Living or studying abroad; Self-study,Media or social media; Other,Language apps (e.g. Duolingo); Conversation groups or meet-ups (e.g. pub nights); Trips to the Gaeltacht,NA,NA,TRUE,2,4.25,0,FALSE,NA,80,5,4.5,1,4,3.5,5,3,3,5,2,1994,1998,transition_1997_2001,60,39,8,75,26,14,3,60.86956521739131,39,9,8
16605481,BLINDED,complete,NA,66,Male,2,Munster,2,"Second language, learned at school",2,5,FALSE,2,NA,FALSE,2,NA,Never,1,FALSE,2,NA,TRUE,1,"Yes, in the past — children have since finished school",2,1978,49,Higher level,1,NA,0,NA,C,3,No,2,NA,Occasionally,3,Never,1,Rarely,2,Rarely,2,Never,1,3,3,2,2,2,2,2,2,5,5,5,5,2,2,2,2,3,3,1,1,4,4,4,4,5,5,2,2,1,1,2,2,4,4,FALSE,2,FALSE,2,No,2,NA,NA,NA,0,NA,NA,0,NA,0,NA,0,NA,NA,0,NA,NA,0,NA,0,NA,0,NA,NA,0,NA,NA,0,English-medium school,2,English-medium school,2,Postgraduate Diploma or Master's degree,7,Munster,2,TRUE,1,11,No,2,NA,4,4,5,5,5,5,2,2,3,3,4,4,3,3,FALSE,FALSE,FALSE,FALSE,FALSE,TRUE,FALSE,FALSE,FALSE,FALSE,FALSE,FALSE,FALSE,FALSE,FALSE,FALSE,FALSE,FALSE,FALSE,FALSE,FALSE,FALSE,FALSE,FALSE,FALSE,FALSE,FALSE,FALSE,FALSE,FALSE,FALSE,FALSE,TRUE,FALSE,FALSE,FALSE,FALSE,Not applicable,NA,NA,Evening classes or courses,NA,NA,TRUE,1.8,2.25,0,FALSE,NA,65,4.666666666666667,2,4,2.25,2.5,5,4,3,5,1,1960,1965,pre_1999,60,27,5,49.090909090909086,37,27,0,72.97297297297297,27,23,9
16602620,BLINDED,complete,NA,55,Female,1,Connacht,3,"Second language, learned at school",2,4,FALSE,2,NA,TRUE,1,2x 3 weeks in Gaeltacht.  My children attended primary Gaelscoil,Rarely - a few times a year,2,FALSE,2,NA,TRUE,1,"Yes, currently — children still at school",1,1988,39,Higher level,1,NA,0,NA,C,3,No,2,NA,Often,4,Occasionally,3,Never,1,Rarely,2,Occasionally,3,3,3,1,1,2,2,2,2,5,5,4,4,3,3,2,2,4,4,2,2,4,4,2,2,4,4,4,4,4,4,2,2,4,4,TRUE,1,TRUE,1,Yes,1,1,French,Intermediate,2,Secondary school,Higher level,3,B,2,Rarely - a few time a year,2,NA,NA,0,NA,NA,0,NA,0,NA,0,NA,NA,0,NA,NA,0,English-medium school,2,English-medium school,2,Postgraduate Diploma or Master's degree,7,Connacht,3,FALSE,2,NA,NA,0,NA,3,3,2,2,2,2,2,2,2,2,4,4,1,1,FALSE,FALSE,FALSE,FALSE,TRUE,FALSE,TRUE,FALSE,FALSE,FALSE,FALSE,FALSE,FALSE,FALSE,FALSE,FALSE,TRUE,FALSE,FALSE,FALSE,FALSE,FALSE,FALSE,FALSE,FALSE,FALSE,FALSE,FALSE,FALSE,FALSE,FALSE,FALSE,FALSE,FALSE,FALSE,FALSE,TRUE,Other,Formal classroom instruction,Other,None so far,NA,NA,TRUE,2.6,2,0,FALSE,NA,65,2.3333333333333335,2.75,3,3.5,2,4.5,4,1,4,2,1971,1975,pre_1999,60,43,4,76.78571428571429,27,15,3,62.5,43,7,9
16609201,BLINDED,complete,NA,48,Male,2,Munster,2,"Second language, learned at school",2,4,FALSE,2,NA,FALSE,2,NA,Never,1,FALSE,2,NA,FALSE,2,NA,0,1996,31,Ordinary level,2,NA,0,NA,D,4,No,2,NA,Occasionally,3,Never,1,Rarely,2,Never,1,Rarely,2,3,3,2,2,2,2,4,4,2,2,4,4,2,2,2,2,2,2,4,4,2,2,3,3,2,2,3,3,2,2,3,3,2,2,FALSE,2,FALSE,2,No,2,NA,NA,NA,0,NA,NA,0,NA,0,NA,0,NA,NA,0,NA,NA,0,NA,0,NA,0,NA,NA,0,NA,NA,0,English-medium school,2,English-medium school,2,Bachelor's degree,6,Munster,2,FALSE,2,NA,NA,0,NA,4,4,4,4,5,5,2,2,3,3,4,4,4,4,FALSE,FALSE,FALSE,FALSE,FALSE,TRUE,FALSE,FALSE,FALSE,FALSE,FALSE,FALSE,FALSE,FALSE,FALSE,FALSE,FALSE,FALSE,FALSE,FALSE,FALSE,FALSE,FALSE,FALSE,FALSE,FALSE,FALSE,FALSE,FALSE,FALSE,FALSE,FALSE,FALSE,FALSE,FALSE,FALSE,TRUE,Not applicable,NA,NA,None so far,NA,NA,TRUE,1.8,2.75,0,FALSE,NA,10,4.333333333333333,2.5,2.5,2.5,2.5,3,4,4,2,1,1978,1982,pre_1999,60,20,8,38.46153846153847,45,15,3,35.71428571428571,20,12,24
16602623,BLINDED,complete,NA,64,Male,2,Munster,2,"Second language, learned at school",2,4,FALSE,2,NA,TRUE,1,"one summer, a one-month residential course at 14. Some teachers spoke Irish conversationally",Often - weekly,4,FALSE,2,NA,TRUE,1,"Yes, in the past — children have since finished school",2,1980,47,Higher level,1,NA,0,NA,C,3,No,2,NA,Daily or almost daily,5,Often,4,Often,4,Occasionally,3,Occasionally,3,5,5,2,2,3,3,4,4,4,4,3,3,2,2,2,2,3,3,2,2,3,3,2,2,3,3,3,3,2,2,2,2,4,4,FALSE,2,FALSE,2,Yes,1,2,french,Intermediate,2,5 years,Higher level,3,D,4,Rarely - a few time a year,2,arabic,Beginner,1,3 yrs,Not taken for Leaving Certificate,1,NA,0,Rarely - a few time a year,2,NA,NA,0,NA,NA,0,English-medium school,2,English-medium school,2,Postgraduate Diploma or Master's degree,7,Connacht,3,TRUE,1,13,Yes,1,"london has a big irish community - i attended music sessions etc and socialised with irish people
i worked in sudan with irish colleague",5,5,4,4,3,3,4,4,4,4,1,1,4,4,FALSE,TRUE,TRUE,TRUE,FALSE,FALSE,TRUE,FALSE,FALSE,FALSE,FALSE,FALSE,FALSE,TRUE,FALSE,FALSE,FALSE,FALSE,FALSE,TRUE,FALSE,FALSE,FALSE,FALSE,FALSE,TRUE,FALSE,FALSE,FALSE,FALSE,TRUE,FALSE,FALSE,TRUE,FALSE,FALSE,FALSE,Social settings; Media or social media; Family,Formal classroom instruction,Social settings,Social media or online communities (e.g. Facebook groups); Conversation groups or meet-ups (e.g. pub nights),Living or studying abroad,Social settings,TRUE,3.8,3.5,0,FALSE,NA,65,4,2.25,2.5,2.75,4,3.5,1,4,3,4,1962,1966,pre_1999,60,50,5,90.9090909090909,17,10,3,71.42857142857143,50,6,2
16609200,BLINDED,complete,NA,51,Female,1,Munster,2,"Second language, learned at school",2,5,FALSE,2,NA,FALSE,2,NA,Often - weekly,4,TRUE,1,Worked in Primary Schools for a few years,FALSE,2,NA,0,1993,34,Higher level,1,NA,0,NA,B,2,Yes,1,"First year subject of an Arts Degree.
Did some evening classes too at that time",Often,4,Occasionally,3,Occasionally,3,Rarely,2,Often,4,3,3,4,4,4,4,4,4,4,4,4,4,4,4,3,3,4,4,3,3,2,2,2,2,4,4,2,2,2,2,1,1,5,5,FALSE,2,FALSE,2,Yes,1,1,French,Intermediate,2,5 years in secondary school,Higher level,3,B,2,Rarely - a few time a year,2,NA,NA,0,NA,NA,0,NA,0,NA,0,NA,NA,0,NA,NA,0,English-medium school,2,English-medium school,2,Doctoral degree,8,Munster,2,FALSE,2,NA,NA,0,NA,4,4,4,4,5,5,4,4,4,4,2,2,4,4,TRUE,TRUE,FALSE,FALSE,FALSE,FALSE,TRUE,FALSE,FALSE,FALSE,FALSE,FALSE,FALSE,TRUE,FALSE,FALSE,FALSE,FALSE,FALSE,FALSE,FALSE,FALSE,FALSE,FALSE,FALSE,FALSE,FALSE,FALSE,FALSE,FALSE,FALSE,FALSE,TRUE,TRUE,TRUE,FALSE,FALSE,Work; Social settings,Formal classroom instruction,Social settings,Evening classes or courses; Conversation groups or meet-ups (e.g. pub nights); Trips to the Gaeltacht,NA,NA,TRUE,3.2,3.75,0,FALSE,NA,80,4.333333333333333,3.5,2,2.5,4,4,2,4,4,4,1975,1980,pre_1999,60,32,8,61.53846153846154,40,25,6,73.52941176470588,32,15,11
16607845,BLINDED,complete,NA,60,Male,2,Leinster,1,"Second language, learned at school",2,6,FALSE,2,NA,FALSE,2,NA,Never,1,FALSE,2,NA,FALSE,2,NA,0,1983,44,Ordinary level,2,NA,0,NA,B,2,No,2,NA,Daily or almost daily,5,Never,1,Never,1,Never,1,Never,1,1,1,1,1,1,1,1,1,5,5,5,5,1,1,1,1,1,1,1,1,5,5,5,5,5,5,3,3,2,2,2,2,1,1,TRUE,1,TRUE,1,No,2,NA,NA,NA,0,NA,NA,0,NA,0,NA,0,NA,NA,0,NA,NA,0,NA,0,NA,0,NA,NA,0,NA,NA,0,English-medium school,2,English-medium school,2,Postgraduate Diploma or Master's degree,7,Ulster,4,FALSE,2,NA,NA,0,NA,1,1,3,3,1,1,1,1,1,1,5,5,1,1,FALSE,FALSE,FALSE,FALSE,FALSE,TRUE,FALSE,FALSE,FALSE,FALSE,FALSE,FALSE,FALSE,FALSE,FALSE,FALSE,FALSE,FALSE,FALSE,FALSE,FALSE,FALSE,FALSE,FALSE,FALSE,FALSE,FALSE,FALSE,FALSE,FALSE,FALSE,FALSE,FALSE,FALSE,FALSE,FALSE,TRUE,Not applicable,NA,NA,None so far,NA,NA,TRUE,1.8,1,0,FALSE,NA,40,1.6666666666666667,1,5,2,1,5,5,1,5,1,1966,1972,pre_1999,60,20,6,37.03703703703704,46,23,1,51.11111111111111,20,18,20
16602633,BLINDED,complete,NA,49,Female,1,Munster,2,"Second language, learned at school",2,4,TRUE,1,Dad spoke words in Irish around the house.,FALSE,2,NA,Often - weekly,4,FALSE,2,NA,FALSE,2,NA,0,1995,32,Higher level,1,NA,0,NA,B,2,No,2,NA,Daily or almost daily,5,Occasionally,3,Rarely,2,Rarely,2,Often,4,4,4,3,3,3,3,2,2,4,4,4,4,4,4,2,2,4,4,2,2,3,3,3,3,4,4,4,4,5,5,4,4,2,2,TRUE,1,TRUE,1,No,2,NA,NA,NA,0,NA,NA,0,NA,0,NA,0,NA,NA,0,NA,NA,0,NA,0,NA,0,NA,NA,0,NA,NA,0,English-medium school,2,English-medium school,2,Bachelor's degree,6,Munster,2,TRUE,1,2,No,2,NA,4,4,5,5,4,4,5,5,5,5,3,3,4,4,FALSE,TRUE,FALSE,TRUE,FALSE,FALSE,FALSE,FALSE,FALSE,FALSE,FALSE,FALSE,FALSE,FALSE,FALSE,FALSE,FALSE,FALSE,FALSE,FALSE,FALSE,FALSE,FALSE,FALSE,FALSE,FALSE,FALSE,FALSE,FALSE,FALSE,FALSE,FALSE,FALSE,FALSE,FALSE,TRUE,FALSE,Social settings; Family,NA,NA,Other,NA,NA,TRUE,3.2,3,0,FALSE,NA,80,4.333333333333333,3,3,3.75,5,4,3,4,4,4,1977,1981,pre_1999,60,42,5,76.36363636363637,31,16,5,61.53846153846154,42,7,7
16609198,BLINDED,complete,NA,44,Female,1,Munster,2,"Second language, learned at school",2,5,FALSE,2,NA,TRUE,1,one summer spent two or three weeks in the gaelteach in cork. won a scholarship for it by doing an interview in irish,Never,1,FALSE,2,NA,FALSE,2,NA,0,2000,27,Ordinary level,2,NA,0,NA,A,1,No,2,NA,Rarely,2,Never,1,Never,1,Never,1,Never,1,5,5,1,1,1,1,2,2,5,5,1,1,1,1,3,3,2,2,2,2,5,5,4,4,5,5,2,2,1,1,2,2,5,5,FALSE,2,FALSE,2,Yes,1,2,french,Advanced,3,"primary, secondary school & college 7years",Higher level,3,A,1,Never,1,german,Beginner,1,secondary school 3 years,Not taken for Leaving Certificate,1,NA,0,Never,1,NA,NA,0,NA,NA,0,English-medium school,2,English-medium school,2,Postgraduate Diploma or Master's degree,7,Munster,2,TRUE,1,1.5,No,2,NA,5,5,5,5,5,5,2,2,5,5,5,5,5,5,FALSE,FALSE,FALSE,FALSE,FALSE,TRUE,TRUE,TRUE,FALSE,FALSE,FALSE,FALSE,FALSE,FALSE,FALSE,FALSE,FALSE,TRUE,TRUE,FALSE,FALSE,FALSE,FALSE,FALSE,FALSE,FALSE,FALSE,FALSE,FALSE,TRUE,FALSE,FALSE,FALSE,FALSE,FALSE,FALSE,TRUE,Not applicable,Formal classroom instruction; Living or studying abroad,Not applicable,None so far,Formal classroom instruction,Not applicable,TRUE,1.2,2.25,0,FALSE,NA,55,5,2,4.5,2.5,3.5,3,5,5,5,1,1982,1987,pre_1999,60,21,5,38.18181818181819,41,16,4,43.24324324324324,21,14,23
16610592,BLINDED,complete,NA,60,Female,1,Connacht,3,"Second language, learned at school",2,5,FALSE,2,NA,FALSE,2,NA,Never,1,FALSE,2,NA,TRUE,1,"Yes, in the past — children have since finished school",2,1984,43,Higher level,1,NA,0,NA,C,3,No,2,NA,Rarely,2,Never,1,Never,1,Never,1,Never,1,1,1,2,2,2,2,1,1,3,3,1,1,1,1,3,3,1,1,1,1,5,5,5,5,3,3,3,3,3,3,4,4,3,3,FALSE,2,TRUE,1,No,2,NA,NA,NA,0,NA,NA,0,NA,0,NA,0,NA,NA,0,NA,NA,0,NA,0,NA,0,NA,NA,0,NA,NA,0,English-medium school,2,English-medium school,2,Third-level Certificate or Diploma,5,Connacht,3,FALSE,2,NA,NA,0,NA,3,3,4,4,3,3,1,1,1,1,5,5,1,1,FALSE,FALSE,FALSE,FALSE,FALSE,TRUE,FALSE,FALSE,FALSE,FALSE,FALSE,FALSE,FALSE,FALSE,FALSE,FALSE,FALSE,FALSE,FALSE,FALSE,FALSE,FALSE,FALSE,FALSE,FALSE,FALSE,FALSE,FALSE,FALSE,FALSE,FALSE,FALSE,FALSE,FALSE,FALSE,FALSE,TRUE,Not applicable,NA,NA,None so far,NA,NA,TRUE,1.2,1.5,0,FALSE,NA,65,3.3333333333333335,1.5,5,3.25,1,2,5,1,3,1,1966,1971,pre_1999,59,24,10,48.979591836734684,41,18,2,46.15384615384615,24,14,18
16605480,BLINDED,complete,NA,60,Male,2,Leinster,1,"Second language, learned at school",2,5,TRUE,1,Infrequent viewer of the daily tv news in Irish,FALSE,2,NA,Never,1,FALSE,2,NA,TRUE,1,"Yes, in the past — children have since finished school",2,1984,43,Higher level,1,NA,0,NA,B,2,No,2,NA,Occasionally,3,Never,1,Rarely,2,Never,1,Occasionally,3,2,2,4,4,2,2,3,3,5,5,1,1,2,2,2,2,4,4,2,2,1,1,1,1,4,4,4,4,3,3,4,4,5,5,FALSE,2,FALSE,2,Yes,1,2,French,Beginner,1,2 years,Ordinary level,2,C,3,Rarely - a few time a year,2,Italian,Intermediate,2,3 years,Not taken for Leaving Certificate,1,NA,0,Occasionally - monthly,3,NA,NA,0,NA,NA,0,English-medium school,2,English-medium school,2,Bachelor's degree,6,Munster,2,FALSE,2,NA,NA,0,NA,3,3,4,4,2,2,2,2,4,4,5,5,4,4,FALSE,FALSE,FALSE,FALSE,FALSE,TRUE,FALSE,FALSE,FALSE,FALSE,TRUE,FALSE,FALSE,TRUE,FALSE,FALSE,FALSE,FALSE,FALSE,TRUE,FALSE,FALSE,TRUE,FALSE,FALSE,TRUE,FALSE,FALSE,FALSE,FALSE,FALSE,TRUE,FALSE,TRUE,FALSE,FALSE,FALSE,Not applicable,Self-study,Social settings,Language apps (e.g. Duolingo); Conversation groups or meet-ups (e.g. pub nights),Living or studying abroad; Self-study,Social settings,TRUE,2,2.75,1,FALSE,NA,80,3,2.5,1,4,3,3,5,4,4,1,1966,1971,pre_1999,60,22,3,38.59649122807018,41,23,0,56.09756097560976,22,20,15
16610591,BLINDED,complete,NA,65,Male,2,Munster,2,"Second language, learned at school",2,5,TRUE,1,Father would occassionally use Irish phrases,TRUE,1,attended a Gaelteacht during secondary school,Often - weekly,4,FALSE,2,NA,TRUE,1,"Yes, in the past — children have since finished school",2,1978,49,Higher level,1,NA,0,NA,D,4,No,2,NA,Daily or almost daily,5,Occasionally,3,Occasionally,3,Often,4,Occasionally,3,3,3,5,5,4,4,2,2,3,3,2,2,3,3,2,2,2,2,2,2,1,1,2,2,3,3,4,4,4,4,3,3,4,4,TRUE,1,TRUE,1,Yes,1,1,French,Intermediate,2,5 years,Higher level,3,C,3,Rarely - a few time a year,2,NA,NA,0,NA,NA,0,NA,0,NA,0,NA,NA,0,NA,NA,0,English-medium school,2,English-medium school,2,Third-level Certificate or Diploma,5,Munster,2,TRUE,1,2,No,2,NA,5,5,5,5,4,4,4,4,5,5,1,1,4,4,FALSE,TRUE,FALSE,FALSE,TRUE,FALSE,TRUE,FALSE,FALSE,FALSE,FALSE,FALSE,FALSE,TRUE,FALSE,FALSE,TRUE,FALSE,FALSE,FALSE,FALSE,FALSE,FALSE,FALSE,FALSE,FALSE,FALSE,FALSE,FALSE,FALSE,FALSE,FALSE,FALSE,TRUE,FALSE,FALSE,FALSE,Social settings; Other,Formal classroom instruction,Social settings; Other,Conversation groups or meet-ups (e.g. pub nights),NA,NA,TRUE,3.6,3.5,0,FALSE,NA,50,4.666666666666667,2.25,1.5,3.75,4.5,2.5,1,4,3,4,1961,1966,pre_1999,60,46,3,80.70175438596492,24,13,4,65,46,7,6
16610590,BLINDED,complete,NA,64,Female,1,Munster,2,"Second language, learned at school",2,5,FALSE,2,NA,FALSE,2,NA,Rarely - a few times a year,2,FALSE,2,NA,TRUE,1,"Yes, in the past — children have since finished school",2,1979,48,Higher level,1,NA,0,NA,D,4,No,2,NA,Daily or almost daily,5,Occasionally,3,Rarely,2,Never,1,Occasionally,3,3,3,3,3,2,2,2,2,5,5,2,2,4,4,2,2,4,4,2,2,4,4,4,4,4,4,4,4,4,4,2,2,4,4,TRUE,1,TRUE,1,Yes,1,1,french,Intermediate,2,secondary school circa 1974 studied for 5years,Higher level,3,B,2,Occasionally - monthly,3,NA,NA,0,NA,NA,0,NA,0,NA,0,NA,NA,0,NA,NA,0,English-medium school,2,English-medium school,2,Third-level Certificate or Diploma,5,Munster,2,TRUE,1,2,No,2,NA,3,3,3,3,2,2,5,5,5,5,3,3,2,2,FALSE,FALSE,FALSE,TRUE,FALSE,FALSE,TRUE,FALSE,FALSE,FALSE,FALSE,FALSE,FALSE,FALSE,FALSE,FALSE,TRUE,FALSE,FALSE,FALSE,FALSE,FALSE,FALSE,FALSE,FALSE,FALSE,FALSE,FALSE,FALSE,FALSE,FALSE,FALSE,FALSE,FALSE,FALSE,FALSE,TRUE,Family,Formal classroom instruction,Other,None so far,NA,NA,TRUE,2.8,2.5,1,FALSE,NA,50,2.6666666666666665,3,4,3.5,5,3.5,3,2,4,2,1962,1967,pre_1999,60,28,2,48.275862068965516,36,20,1,57.14285714285715,28,16,14
16602612,BLINDED,complete,NA,32,Female,1,Munster,2,"Second language, learned at school",2,4,FALSE,2,NA,TRUE,1,Attended the Gaeltacht after 2nd or 3rd year in secondary school,Occasionally - monthly,3,FALSE,2,NA,FALSE,2,NA,0,2012,15,Higher level,1,NA,0,NA,A,1,No,2,NA,Often,4,Occasionally,3,Occasionally,3,Rarely,2,Rarely,2,3,3,3,3,5,5,4,4,1,1,1,1,4,4,4,4,5,5,4,4,2,2,2,2,4,4,4,4,3,3,5,5,3,3,FALSE,2,TRUE,1,Yes,1,1,French,Intermediate,2,"Started in secondary school, then continued with several courses in University and studying abroad for a semester which included intensive program.",Higher level,3,B,2,Rarely - a few time a year,2,NA,NA,0,NA,NA,0,NA,0,NA,0,NA,NA,0,NA,NA,0,Gaelscoil,1,English-medium school,2,Doctoral degree,8,Leinster,1,FALSE,2,NA,NA,0,NA,5,5,5,5,5,5,3,3,4,4,3,3,5,5,FALSE,TRUE,FALSE,FALSE,FALSE,FALSE,TRUE,TRUE,TRUE,FALSE,FALSE,FALSE,FALSE,TRUE,FALSE,FALSE,FALSE,FALSE,FALSE,FALSE,FALSE,FALSE,FALSE,FALSE,FALSE,FALSE,FALSE,FALSE,FALSE,FALSE,FALSE,TRUE,TRUE,TRUE,FALSE,FALSE,FALSE,Social settings,Formal classroom instruction; Living or studying abroad; Immersion program,Social settings,Language apps (e.g. Duolingo); Evening classes or courses; Conversation groups or meet-ups (e.g. pub nights),NA,NA,TRUE,2.8,3.75,0,FALSE,NA,95,5,4.25,2,3.75,3.5,1,3,5,4,3,1994,1998,transition_1997_2001,60,47,1,79.66101694915254,19,12,3,75,47,7,5
16610593,BLINDED,complete,NA,56,Male,2,Leinster,1,"Second language, learned at school",2,5,FALSE,2,NA,TRUE,1,irish college for 3 weeks one summer in secondary,Never,1,FALSE,2,NA,TRUE,1,"Yes, currently — children still at school",1,1987,40,Higher level,1,NA,0,NA,B,2,No,2,NA,Often,4,Never,1,Rarely,2,Rarely,2,Never,1,1,1,1,1,1,1,1,1,5,5,1,1,3,3,2,2,2,2,2,2,4,4,4,4,5,5,3,3,3,3,1,1,3,3,FALSE,2,FALSE,2,Yes,1,2,french,Intermediate,2,school,Higher level,3,B,2,Rarely - a few time a year,2,spanish,Beginner,1,college,Not taken for Leaving Certificate,1,NA,0,Rarely - a few time a year,2,NA,NA,0,NA,NA,0,English-medium school,2,English-medium school,2,Postgraduate Diploma or Master's degree,7,Munster,2,TRUE,1,1,No,2,NA,2,2,3,3,1,1,1,1,1,1,4,4,1,1,FALSE,FALSE,FALSE,FALSE,FALSE,TRUE,TRUE,FALSE,FALSE,FALSE,FALSE,FALSE,FALSE,FALSE,FALSE,FALSE,TRUE,FALSE,TRUE,FALSE,FALSE,FALSE,FALSE,FALSE,FALSE,TRUE,FALSE,TRUE,FALSE,FALSE,FALSE,FALSE,FALSE,FALSE,FALSE,FALSE,TRUE,Not applicable,Formal classroom instruction,Other,None so far,Formal classroom instruction,Social settings; Family,TRUE,2,1,0,FALSE,NA,80,2,2.25,4,2.5,1,3,4,1,5,1,1970,1975,pre_1999,60,46,4,82.14285714285714,23,17,1,77.27272727272727,46,8,4
16602628,BLINDED,complete,NA,66,Female,1,Munster,2,"Second language, learned at school",2,4,TRUE,1,parents spoke it occasionally,TRUE,1,3 months of immersion as a 10 year old,Often - weekly,4,FALSE,2,NA,TRUE,1,"Yes, in the past — children have since finished school",2,1977,50,Higher level,1,NA,0,NA,C,3,No,2,NA,Daily or almost daily,5,Rarely,2,Often,4,Often,4,Rarely,2,5,5,4,4,5,5,5,5,4,4,3,3,4,4,3,3,2,2,3,3,3,3,3,3,4,4,5,5,5,5,5,5,5,5,TRUE,1,TRUE,1,Yes,1,1,French,Intermediate,2,1972-77,Higher level,3,D,4,Rarely - a few time a year,2,NA,NA,0,NA,NA,0,NA,0,NA,0,NA,NA,0,NA,NA,0,English-medium school,2,English-medium school,2,Third-level Certificate or Diploma,5,Leinster,1,FALSE,2,NA,NA,0,NA,5,5,5,5,5,5,3,3,5,5,4,4,5,5,FALSE,TRUE,FALSE,FALSE,FALSE,FALSE,FALSE,TRUE,FALSE,FALSE,FALSE,FALSE,FALSE,FALSE,FALSE,FALSE,FALSE,TRUE,FALSE,FALSE,FALSE,FALSE,FALSE,FALSE,FALSE,FALSE,FALSE,FALSE,FALSE,FALSE,FALSE,FALSE,FALSE,TRUE,FALSE,FALSE,FALSE,Social settings,Living or studying abroad,Not applicable,Conversation groups or meet-ups (e.g. pub nights),NA,NA,TRUE,3.4,4.75,0,FALSE,NA,65,5,3,3,5,4,3.5,4,5,4,4,1960,1964,pre_1999,60,47,4,83.92857142857142,20,15,1,78.94736842105263,47,8,4
16609325,BLINDED,complete,NA,61,Female,1,Munster,2,"Second language, learned at school",2,5,FALSE,2,NA,TRUE,1,school summer course,Rarely - a few times a year,2,TRUE,1,irish teaching for v short period,TRUE,1,"Yes, in the past — children have since finished school",2,1982,45,Higher level,1,NA,0,NA,C,3,Yes,1,post grad in educatiin,Daily or almost daily,5,Rarely,2,Rarely,2,Never,1,Never,1,3,3,2,2,2,2,2,2,5,5,5,5,3,3,2,2,4,4,1,1,3,3,2,2,4,4,2,2,3,3,1,1,3,3,FALSE,2,TRUE,1,Yes,1,1,french,Beginner,1,5 yrs,Higher level,3,Do not remember grade,7,Rarely - a few time a year,2,NA,NA,0,NA,NA,0,NA,0,NA,0,NA,NA,0,NA,NA,0,English-medium school,2,English-medium school,2,Postgraduate Diploma or Master's degree,7,Munster,2,TRUE,1,7,No,2,NA,2,2,2,2,2,2,3,3,2,2,2,2,2,2,FALSE,TRUE,FALSE,FALSE,FALSE,FALSE,TRUE,FALSE,FALSE,FALSE,FALSE,FALSE,FALSE,FALSE,FALSE,FALSE,TRUE,FALSE,FALSE,FALSE,FALSE,FALSE,FALSE,FALSE,FALSE,FALSE,FALSE,FALSE,FALSE,FALSE,FALSE,FALSE,FALSE,TRUE,FALSE,FALSE,FALSE,Social settings,Formal classroom instruction,Other,Conversation groups or meet-ups (e.g. pub nights),NA,NA,TRUE,2.2,2.25,0,FALSE,NA,65,2,2.5,2.5,2.25,2.5,5,2,2,4,2,1965,1970,pre_1999,60,36,8,69.23076923076923,30,20,4,76.92307692307693,36,15,5
16602626,BLINDED,complete,NA,46,Female,1,Munster,2,"Second language, learned at school",2,5,FALSE,2,NA,FALSE,2,NA,Often - weekly,4,FALSE,2,NA,TRUE,1,"Yes, currently — children still at school",1,1999,28,Higher level,1,NA,0,NA,B,2,No,2,NA,Daily or almost daily,5,Rarely,2,Rarely,2,Rarely,2,Never,1,3,3,3,3,2,2,3,3,5,5,4,4,5,5,4,4,4,4,3,3,3,3,4,4,4,4,5,5,4,4,5,5,3,3,FALSE,2,FALSE,2,No,2,NA,NA,NA,0,NA,NA,0,NA,0,NA,0,NA,NA,0,NA,NA,0,NA,0,NA,0,NA,NA,0,NA,NA,0,English-medium school,2,English-medium school,2,Bachelor's degree,6,Munster,2,FALSE,2,NA,NA,0,NA,5,5,5,5,5,5,3,3,5,5,3,3,2,2,FALSE,FALSE,FALSE,TRUE,FALSE,FALSE,FALSE,FALSE,FALSE,FALSE,FALSE,FALSE,FALSE,FALSE,FALSE,FALSE,FALSE,FALSE,FALSE,FALSE,FALSE,FALSE,FALSE,FALSE,FALSE,FALSE,FALSE,FALSE,FALSE,FALSE,FALSE,FALSE,FALSE,FALSE,FALSE,FALSE,TRUE,Family,NA,NA,None so far,NA,NA,TRUE,2.4,2.75,0,FALSE,NA,80,5,4,3.5,4.25,4,4.5,3,2,4,4,1980,1985,pre_1999,60,34,8,65.38461538461539,35,24,2,72.72727272727273,34,15,9
16607208,BLINDED,complete,NA,51,Male,2,Connacht,3,"Second language, learned at school",2,4,FALSE,2,NA,TRUE,1,spent a month in Rosmuc in the summers after first year and fourth year - 1988 and 1991,Daily or almost daily,5,FALSE,2,NA,TRUE,1,"Yes, currently — children still at school",1,1992,35,Higher level,1,NA,0,NA,B,2,No,2,NA,Daily or almost daily,5,Rarely,2,Occasionally,3,Never,1,Rarely,2,5,5,4,4,4,4,3,3,4,4,4,4,5,5,4,4,4,4,4,4,1,1,1,1,4,4,4,4,4,4,3,3,3,3,FALSE,2,FALSE,2,Yes,1,3,French,Advanced,3,1988 for 5 years,Higher level,3,Do not remember grade,7,Rarely - a few time a year,2,German,Advanced,3,1992 - 3 or 4 modules/terms of basic German then 9 months living in Germany,Not taken for Leaving Certificate,1,NA,0,Rarely - a few time a year,2,Spanish,Rarely - a few times a year,2,NA,NA,0,English-medium school,2,English-medium school,2,Postgraduate Diploma or Master's degree,7,Connacht,3,TRUE,1,2,No,2,NA,5,5,5,5,5,5,5,5,5,5,3,3,4,4,FALSE,FALSE,FALSE,TRUE,FALSE,FALSE,TRUE,FALSE,FALSE,FALSE,FALSE,FALSE,TRUE,TRUE,FALSE,TRUE,FALSE,FALSE,TRUE,TRUE,FALSE,FALSE,FALSE,FALSE,TRUE,TRUE,FALSE,TRUE,FALSE,FALSE,FALSE,FALSE,FALSE,FALSE,FALSE,FALSE,TRUE,Family,Formal classroom instruction,Work; Social settings; Family,None so far,Formal classroom instruction; Living or studying abroad,Work; Social settings; Family,TRUE,2.6,4,0,FALSE,NA,80,5,4.25,1,3.5,5,4,3,4,4,5,1975,1979,pre_1999,60,52,4,92.85714285714286,60,54,1,91.52542372881356,52,4,2
16602618,BLINDED,complete,NA,64,Female,1,Munster,2,"Second language, learned at school",2,5,FALSE,2,NA,TRUE,1,5 days in Gaeltacht very informal,Never,1,FALSE,2,NA,TRUE,1,No,3,1979,48,Higher level,1,NA,0,NA,D,4,No,2,NA,Rarely,2,Never,1,Occasionally,3,Never,1,Rarely,2,2,2,1,1,1,1,1,1,3,3,1,1,1,1,1,1,1,1,1,1,1,1,1,1,5,5,1,1,1,1,1,1,1,1,FALSE,2,FALSE,2,Yes,1,2,German,Beginner,1,3 years,Not taken for Leaving Certificate,1,NA,0,Rarely - a few time a year,2,French,Beginner,1,5 years,Higher level,3,C,3,Never,1,NA,NA,0,NA,NA,0,English-medium school,2,English-medium school,2,Bachelor's degree,6,Leinster,1,TRUE,1,2,No,2,NA,5,5,5,5,5,5,4,4,4,4,5,5,5,5,FALSE,FALSE,FALSE,FALSE,FALSE,TRUE,TRUE,FALSE,FALSE,TRUE,FALSE,FALSE,FALSE,TRUE,FALSE,FALSE,FALSE,FALSE,TRUE,FALSE,FALSE,FALSE,FALSE,FALSE,FALSE,FALSE,FALSE,FALSE,FALSE,TRUE,FALSE,FALSE,FALSE,TRUE,FALSE,FALSE,FALSE,Not applicable,Formal classroom instruction; Family or heritage — learned at home,Social settings,Conversation groups or meet-ups (e.g. pub nights),Formal classroom instruction,Not applicable,TRUE,1.8,1.25,0,FALSE,NA,50,5,1,1,1,4,2,5,5,5,1,1962,1967,pre_1999,60,26,10,52.000000000000014,38,28,4,82.35294117647058,26,24,8
16607846,BLINDED,complete,NA,60,Male,2,Munster,2,"Second language, learned at school",2,6,FALSE,2,NA,FALSE,2,NA,Rarely - a few times a year,2,FALSE,2,NA,TRUE,1,"Yes, in the past — children have since finished school",2,1983,44,Higher level,1,NA,0,NA,C,3,No,2,NA,Occasionally,3,Rarely,2,Rarely,2,Never,1,Rarely,2,4,4,3,3,4,4,2,2,4,4,4,4,4,4,3,3,4,4,3,3,1,1,1,1,4,4,4,4,3,3,2,2,4,4,TRUE,1,TRUE,1,Yes,1,1,French,Intermediate,2,4 years,Higher level,3,B,2,Rarely - a few time a year,2,NA,NA,0,NA,NA,0,NA,0,NA,0,NA,NA,0,NA,NA,0,English-medium school,2,English-medium school,2,Postgraduate Diploma or Master's degree,7,Munster,2,FALSE,2,NA,NA,0,NA,4,4,4,4,3,3,4,4,4,4,3,3,3,3,FALSE,TRUE,FALSE,FALSE,FALSE,FALSE,TRUE,FALSE,FALSE,FALSE,FALSE,FALSE,FALSE,TRUE,FALSE,FALSE,FALSE,FALSE,FALSE,FALSE,FALSE,FALSE,FALSE,FALSE,FALSE,FALSE,FALSE,FALSE,FALSE,FALSE,FALSE,FALSE,FALSE,TRUE,FALSE,FALSE,FALSE,Social settings,Formal classroom instruction,Social settings,Conversation groups or meet-ups (e.g. pub nights),NA,NA,TRUE,2,3.25,0,FALSE,NA,65,3.6666666666666665,3.5,1,3.25,4,4,3,3,4,2,1966,1972,pre_1999,60,28,3,49.12280701754387,35,26,4,83.87096774193549,28,23,9
16611805,BLINDED,complete,NA,68,Male,2,Munster,2,"Second language, learned at school",2,4,FALSE,2,NA,TRUE,1,west cork Ballangearig Gaeltacht 1 week,Daily or almost daily,5,FALSE,2,NA,TRUE,1,"Yes, in the past — children have since finished school",2,1980,47,Did not take Leaving Cert Irish,4,Beginner,1,completed juinor cert Started Electrical trade,NA,0,No,2,NA,Daily or almost daily,5,Often,4,Daily or almost daily,5,Often,4,Daily or almost daily,5,5,5,5,5,5,5,5,5,3,3,3,3,3,3,3,3,2,2,2,2,5,5,4,4,3,3,3,3,3,3,4,4,3,3,FALSE,2,FALSE,2,No,2,NA,NA,NA,0,NA,NA,0,NA,0,NA,0,NA,NA,0,NA,NA,0,NA,0,NA,0,NA,NA,0,NA,NA,0,English-medium school,2,English-medium school,2,Intermediate or Junior Certificate,2,Munster,2,TRUE,1,10,Yes,1,South Africa worked with Irish speakers,5,5,5,5,5,5,5,5,5,5,1,1,5,5,FALSE,TRUE,FALSE,FALSE,FALSE,FALSE,FALSE,FALSE,FALSE,FALSE,FALSE,FALSE,FALSE,FALSE,FALSE,FALSE,FALSE,FALSE,FALSE,FALSE,FALSE,FALSE,FALSE,FALSE,FALSE,FALSE,FALSE,FALSE,FALSE,FALSE,FALSE,TRUE,TRUE,TRUE,TRUE,FALSE,FALSE,Social settings,NA,NA,Language apps (e.g. Duolingo); Evening classes or courses; Conversation groups or meet-ups (e.g. pub nights); Trips to the Gaeltacht,NA,NA,TRUE,4.6,5,0,TRUE,Beginner,NA,5,2.5,4.5,3.25,5,3,1,5,3,5,1958,1962,pre_1999,60,33,12,68.75,50,24,5,53.333333333333336,33,8,12
16602615,BLINDED,complete,NA,69,Male,2,Munster,2,"Second language, learned at school",2,4,FALSE,2,NA,TRUE,1,dingle 3 months in winter,Occasionally - monthly,3,FALSE,2,NA,TRUE,1,"Yes, in the past — children have since finished school",2,1975,52,Ordinary level,2,NA,0,NA,C,3,No,2,NA,Often,4,Rarely,2,Rarely,2,Rarely,2,Never,1,3,3,4,4,3,3,1,1,3,3,1,1,2,2,2,2,4,4,2,2,4,4,3,3,3,3,2,2,3,3,3,3,3,3,TRUE,1,TRUE,1,No,2,NA,NA,NA,0,NA,NA,0,NA,0,NA,0,NA,NA,0,NA,NA,0,NA,0,NA,0,NA,NA,0,NA,NA,0,English-medium school,2,English-medium school,2,Leaving Certificate,3,Munster,2,FALSE,2,NA,NA,0,NA,3,3,2,2,3,3,4,4,3,3,3,3,3,3,TRUE,FALSE,FALSE,FALSE,FALSE,FALSE,FALSE,FALSE,FALSE,FALSE,FALSE,FALSE,FALSE,FALSE,FALSE,FALSE,FALSE,FALSE,FALSE,FALSE,FALSE,FALSE,FALSE,FALSE,FALSE,FALSE,FALSE,FALSE,FALSE,FALSE,FALSE,FALSE,FALSE,TRUE,FALSE,FALSE,FALSE,Work,NA,NA,Conversation groups or meet-ups (e.g. pub nights),NA,NA,TRUE,2.2,2.75,0,FALSE,NA,25,2.6666666666666665,2.5,3.5,2.75,3.5,2,3,3,3,3,1957,1961,pre_1999,60,24,14,52.17391304347826,42,23,4,60.526315789473685,24,18,15
16626047,BLINDED,complete,NA,40,Female,1,Connacht,3,"Second language, learned at school",2,4,FALSE,2,NA,FALSE,2,NA,Occasionally - monthly,3,FALSE,2,NA,FALSE,2,NA,0,2004,23,Higher level,1,NA,0,NA,B,2,No,2,NA,Occasionally,3,Occasionally,3,Occasionally,3,Rarely,2,Rarely,2,3,3,3,3,3,3,3,3,4,4,5,5,2,2,2,2,2,2,2,2,5,5,5,5,4,4,5,5,4,4,3,3,5,5,TRUE,1,TRUE,1,Yes,1,1,german,Beginner,1,"school, six years",Higher level,3,B,2,Rarely - a few time a year,2,NA,NA,0,NA,NA,0,NA,0,NA,0,NA,NA,0,NA,NA,0,English-medium school,2,English-medium school,2,Postgraduate Diploma or Master's degree,7,Leinster,1,FALSE,2,NA,NA,0,NA,4,4,4,4,5,5,3,3,4,4,4,4,4,4,FALSE,FALSE,FALSE,FALSE,TRUE,FALSE,TRUE,FALSE,FALSE,FALSE,FALSE,FALSE,FALSE,FALSE,FALSE,FALSE,TRUE,FALSE,FALSE,FALSE,FALSE,FALSE,FALSE,FALSE,FALSE,FALSE,FALSE,FALSE,FALSE,FALSE,TRUE,TRUE,FALSE,TRUE,FALSE,FALSE,FALSE,Other,Formal classroom instruction,Other,Social media or online communities (e.g. Facebook groups); Language apps (e.g. Duolingo); Conversation groups or meet-ups (e.g. pub nights),NA,NA,TRUE,2.6,3,0,FALSE,NA,80,4.333333333333333,2,5,4.25,3.5,4.5,4,4,4,3,1986,1990,pre_1999,60,33,9,64.70588235294117,37,19,3,55.88235294117647,33,9,12
16602629,BLINDED,complete,NA,52,Female,1,Connacht,3,"Second language, learned at school",2,4,FALSE,2,NA,TRUE,1,3 weeks in Gaeltacht at age 13yrs,Occasionally - monthly,3,FALSE,2,NA,TRUE,1,"Yes, in the past — children have since finished school",2,1993,34,Higher level,1,NA,0,NA,B,2,No,2,NA,Daily or almost daily,5,Rarely,2,Rarely,2,Rarely,2,Rarely,2,3,3,3,3,4,4,4,4,4,4,4,4,4,4,3,3,4,4,3,3,3,3,2,2,3,3,3,3,2,2,4,4,4,4,FALSE,2,FALSE,2,No,2,NA,NA,NA,0,NA,NA,0,NA,0,NA,0,NA,NA,0,NA,NA,0,NA,0,NA,0,NA,NA,0,NA,NA,0,English-medium school,2,English-medium school,2,Bachelor's degree,6,Munster,2,FALSE,2,NA,NA,0,NA,4,4,4,4,4,4,3,3,4,4,3,3,4,4,FALSE,FALSE,FALSE,TRUE,FALSE,FALSE,FALSE,FALSE,FALSE,FALSE,FALSE,FALSE,FALSE,FALSE,FALSE,FALSE,FALSE,FALSE,FALSE,FALSE,FALSE,FALSE,FALSE,FALSE,FALSE,FALSE,FALSE,FALSE,FALSE,FALSE,FALSE,FALSE,FALSE,FALSE,FALSE,FALSE,TRUE,Family,NA,NA,None so far,NA,NA,TRUE,2.6,3.5,0,FALSE,NA,80,4,3.5,2.5,3.25,3.5,4,3,4,3,3,1974,1978,pre_1999,60,43,7,81.13207547169812,22,15,2,75,43,10,4
16602625,BLINDED,complete,NA,48,Male,2,Munster,2,"Second language, learned at school",2,5,FALSE,2,NA,FALSE,2,NA,Rarely - a few times a year,2,FALSE,2,NA,FALSE,2,NA,0,1995,32,Higher level,1,NA,0,NA,B,2,No,2,NA,Daily or almost daily,5,Rarely,2,Often,4,Never,1,Rarely,2,5,5,3,3,3,3,2,2,3,3,5,5,4,4,5,5,5,5,5,5,5,5,5,5,5,5,3,3,3,3,2,2,4,4,FALSE,2,TRUE,1,Yes,1,1,spanish,Beginner,1,1991-1995,Higher level,3,B,2,Never,1,NA,NA,0,NA,NA,0,NA,0,NA,0,NA,NA,0,NA,NA,0,English-medium school,2,English-medium school,2,Bachelor's degree,6,Munster,2,FALSE,2,NA,NA,0,NA,5,5,5,5,5,5,5,5,5,5,3,3,4,4,FALSE,TRUE,FALSE,FALSE,FALSE,FALSE,TRUE,FALSE,FALSE,FALSE,FALSE,FALSE,FALSE,FALSE,FALSE,FALSE,FALSE,TRUE,FALSE,FALSE,FALSE,FALSE,FALSE,FALSE,FALSE,FALSE,FALSE,FALSE,FALSE,FALSE,TRUE,TRUE,FALSE,FALSE,FALSE,FALSE,FALSE,Social settings,Formal classroom instruction,Not applicable,Social media or online communities (e.g. Facebook groups); Language apps (e.g. Duolingo),NA,NA,TRUE,2.8,3.25,0,FALSE,NA,80,5,4.75,5,3,5,4,3,4,5,2,1978,1983,pre_1999,60,52,1,88.13559322033898,15,9,3,75,52,4,4
16602621,BLINDED,complete,NA,55,Female,1,Leinster,1,"Second language, learned at school",2,9,FALSE,2,NA,FALSE,2,NA,Rarely - a few times a year,2,FALSE,2,NA,TRUE,1,"Yes, in the past — children have since finished school",2,1988,39,Higher level,1,NA,0,NA,C,3,No,2,NA,Occasionally,3,Rarely,2,Never,1,Never,1,Never,1,4,4,3,3,4,4,3,3,5,5,1,1,3,3,2,2,2,2,1,1,5,5,5,5,4,4,3,3,5,5,4,4,2,2,FALSE,2,FALSE,2,Yes,1,1,french,Intermediate,2,5 years,Higher level,3,B,2,Never,1,NA,NA,0,NA,NA,0,NA,0,NA,0,NA,NA,0,NA,NA,0,English-medium school,2,English-medium school,2,Leaving Certificate,3,Connacht,3,FALSE,2,NA,NA,0,NA,4,4,4,4,4,4,3,3,3,3,3,3,3,3,FALSE,FALSE,FALSE,FALSE,TRUE,FALSE,TRUE,FALSE,FALSE,FALSE,FALSE,FALSE,FALSE,FALSE,FALSE,FALSE,TRUE,FALSE,FALSE,FALSE,FALSE,FALSE,FALSE,FALSE,FALSE,FALSE,FALSE,FALSE,FALSE,FALSE,FALSE,TRUE,FALSE,FALSE,FALSE,FALSE,FALSE,Other,Formal classroom instruction,Other,Language apps (e.g. Duolingo),NA,NA,TRUE,1.6,3.5,0,FALSE,NA,65,4,2,5,3.5,3,3,3,3,4,2,1971,1980,pre_1999,60,36,8,69.23076923076923,29,15,2,55.55555555555556,36,12,8
16630210,BLINDED,complete,NA,63,Male,2,Munster,2,"Second language, learned at school",2,3,TRUE,1,my mother was fluent in Irish. My grandmother spoke Irish,FALSE,2,NA,Rarely - a few times a year,2,FALSE,2,NA,FALSE,2,NA,0,1980,47,Higher level,1,NA,0,NA,D,4,No,2,NA,Daily or almost daily,5,Rarely,2,Never,1,Never,1,Rarely,2,5,5,5,5,3,3,1,1,4,4,5,5,3,3,2,2,2,2,4,4,2,2,2,2,4,4,5,5,5,5,5,5,5,5,TRUE,1,TRUE,1,Yes,1,2,Spanish,Beginner,1,3 years ago. 3 months,Not taken for Leaving Certificate,1,NA,0,Rarely - a few time a year,2,French,Beginner,1,50 years ago/ 5 years,Higher level,3,C,3,Never,1,NA,NA,0,NA,NA,0,English-medium school,2,English-medium school,2,Postgraduate Diploma or Master's degree,7,Munster,2,FALSE,2,NA,NA,0,NA,5,5,5,5,5,5,5,5,5,5,4,4,4,4,FALSE,TRUE,FALSE,FALSE,FALSE,FALSE,FALSE,FALSE,FALSE,FALSE,TRUE,FALSE,FALSE,FALSE,FALSE,FALSE,FALSE,TRUE,TRUE,FALSE,FALSE,FALSE,FALSE,FALSE,FALSE,FALSE,FALSE,FALSE,FALSE,TRUE,FALSE,TRUE,TRUE,TRUE,FALSE,FALSE,FALSE,Social settings,Self-study,Not applicable,Language apps (e.g. Duolingo); Evening classes or courses; Conversation groups or meet-ups (e.g. pub nights),Formal classroom instruction,Not applicable,TRUE,2.2,3.5,0,FALSE,NA,50,5,2.75,2,5,5,4.5,4,4,4,2,1963,1966,pre_1999,60,29,9,56.86274509803921,38,28,2,77.77777777777779,29,21,8
16602624,BLINDED,complete,NA,55,Male,2,Munster,2,"Second language, learned at school",2,6,FALSE,2,NA,FALSE,2,NA,Never,1,FALSE,2,NA,TRUE,1,No,3,1988,39,Higher level,1,NA,0,NA,B,2,No,2,NA,Rarely,2,Never,1,Occasionally,3,Never,1,Rarely,2,2,2,2,2,2,2,1,1,4,4,4,4,2,2,1,1,1,1,1,1,4,4,4,4,4,4,3,3,3,3,2,2,4,4,FALSE,2,FALSE,2,Yes,1,1,french,Beginner,1,school,Higher level,3,B,2,Rarely - a few time a year,2,NA,NA,0,NA,NA,0,NA,0,NA,0,NA,NA,0,NA,NA,0,English-medium school,2,English-medium school,2,Postgraduate Diploma or Master's degree,7,Leinster,1,TRUE,1,15,No,2,NA,4,4,4,4,3,3,1,1,3,3,4,4,3,3,FALSE,FALSE,TRUE,FALSE,FALSE,FALSE,TRUE,FALSE,FALSE,FALSE,FALSE,FALSE,FALSE,FALSE,FALSE,FALSE,TRUE,FALSE,FALSE,FALSE,FALSE,FALSE,FALSE,FALSE,FALSE,FALSE,FALSE,FALSE,FALSE,FALSE,FALSE,FALSE,FALSE,FALSE,FALSE,FALSE,TRUE,Media or social media,Formal classroom instruction,Other,None so far,NA,NA,TRUE,1.8,1.75,0,FALSE,NA,80,3.6666666666666665,1.25,4,3,2,4,4,3,4,1,1971,1977,pre_1999,60,34,8,65.38461538461539,37,25,1,69.44444444444444,34,15,9
16602622,BLINDED,complete,NA,68,Male,2,Ulster,4,"Second language, learned at school",2,5,FALSE,2,NA,TRUE,1,Two weeks in Kerry gaelteachts in 1970s,Rarely - a few times a year,2,FALSE,2,NA,TRUE,1,"Yes, in the past — children have since finished school",2,1975,52,Ordinary level,2,NA,0,NA,B,2,No,2,NA,Rarely,2,Rarely,2,Rarely,2,Rarely,2,Rarely,2,1,1,1,1,3,3,3,3,3,3,3,3,5,5,5,5,4,4,4,4,4,4,4,4,5,5,3,3,3,3,3,3,2,2,FALSE,2,FALSE,2,Yes,1,1,french,Fluent,4,"over 5 years,  1977 to 1982",Not taken for Leaving Certificate,1,NA,0,Rarely - a few time a year,2,NA,NA,0,NA,NA,0,NA,0,NA,0,NA,NA,0,NA,NA,0,English-medium school,2,English-medium school,2,Intermediate or Junior Certificate,2,Munster,2,TRUE,1,5,No,2,NA,1,1,1,1,1,1,1,1,1,1,4,4,1,1,FALSE,TRUE,FALSE,FALSE,FALSE,FALSE,FALSE,TRUE,FALSE,FALSE,FALSE,FALSE,FALSE,TRUE,FALSE,FALSE,FALSE,FALSE,FALSE,FALSE,FALSE,FALSE,FALSE,FALSE,FALSE,FALSE,FALSE,FALSE,FALSE,FALSE,FALSE,FALSE,TRUE,TRUE,FALSE,FALSE,FALSE,Social settings,Living or studying abroad,Social settings,Evening classes or courses; Conversation groups or meet-ups (e.g. pub nights),NA,NA,TRUE,2,2,0,FALSE,NA,40,1,4.5,4,2.75,1,3,4,1,5,2,1958,1963,pre_1999,60,25,2,43.10344827586208,39,24,6,72.72727272727273,25,20,14
16602617,BLINDED,complete,NA,61,Female,1,Munster,2,"Second language, learned at school",2,5,FALSE,2,NA,FALSE,2,NA,Rarely - a few times a year,2,FALSE,2,NA,TRUE,1,"Yes, in the past — children have since finished school",2,1982,45,Higher level,1,NA,0,NA,C,3,No,2,NA,Never,1,Occasionally,3,Never,1,Occasionally,3,Never,1,3,3,4,4,5,5,5,5,5,5,1,1,5,5,1,1,3,3,1,1,3,3,3,3,3,3,1,1,1,1,1,1,1,1,FALSE,2,FALSE,2,No,2,NA,NA,NA,0,NA,NA,0,NA,0,NA,0,NA,NA,0,NA,NA,0,NA,0,NA,0,NA,NA,0,NA,NA,0,English-medium school,2,English-medium school,2,Post-Leaving Certificate (PLC) qualification,4,Munster,2,FALSE,2,NA,NA,0,NA,5,5,5,5,5,5,4,4,5,5,2,2,4,4,FALSE,FALSE,FALSE,FALSE,FALSE,TRUE,FALSE,FALSE,FALSE,FALSE,FALSE,FALSE,FALSE,FALSE,FALSE,FALSE,FALSE,FALSE,FALSE,FALSE,FALSE,FALSE,FALSE,FALSE,FALSE,FALSE,FALSE,FALSE,FALSE,FALSE,FALSE,FALSE,TRUE,FALSE,FALSE,FALSE,FALSE,Not applicable,NA,NA,Evening classes or courses,NA,NA,FALSE,1.8,4.25,0,FALSE,NA,65,5,2.5,3,1,4.5,3,2,4,3,2,1965,1970,pre_1999,60,46,5,83.63636363636363,23,14,3,70,46,6,5
16630537,BLINDED,complete,NA,33,Male,2,Leinster,1,"Second language, learned at school",2,5,FALSE,2,NA,TRUE,1,Went to gaeltacht one year,Never,1,FALSE,2,NA,FALSE,2,NA,0,2012,15,Ordinary level,2,NA,0,NA,C,3,No,2,NA,Often,4,Never,1,Never,1,Never,1,Never,1,1,1,1,1,1,1,1,1,3,3,2,2,1,1,2,2,1,1,3,3,5,5,4,4,4,4,1,1,1,1,1,1,2,2,FALSE,2,FALSE,2,Yes,1,1,Spanish,Beginner,1,8 years,Not taken for Leaving Certificate,1,NA,0,Daily or almost daily,5,NA,NA,0,NA,NA,0,NA,0,NA,0,NA,NA,0,NA,NA,0,English-medium school,2,English-medium school,2,Bachelor's degree,6,Leinster,1,TRUE,1,4,Yes,1,Yes I had lived in England and Spain - In both countries I had an Irish community and friends,3,3,3,3,3,3,1,1,2,2,3,3,2,2,FALSE,FALSE,FALSE,FALSE,FALSE,TRUE,TRUE,TRUE,FALSE,TRUE,FALSE,FALSE,FALSE,FALSE,FALSE,TRUE,FALSE,FALSE,FALSE,FALSE,FALSE,FALSE,FALSE,FALSE,FALSE,FALSE,FALSE,FALSE,FALSE,FALSE,FALSE,TRUE,TRUE,FALSE,FALSE,FALSE,FALSE,Not applicable,Formal classroom instruction; Living or studying abroad; Family or heritage — learned at home,Family,Language apps (e.g. Duolingo); Evening classes or courses,NA,NA,TRUE,1.6,1,1,FALSE,NA,25,3,1.75,4.5,1.25,1.5,2.5,3,2,4,1,1993,1998,transition_1997_2001,60,13,12,27.083333333333336,52,19,12,47.5,13,14,27
16602627,BLINDED,complete,NA,52,Female,1,Munster,2,"Second language, learned at school",2,5,FALSE,2,NA,FALSE,2,NA,Rarely - a few times a year,2,FALSE,2,NA,TRUE,1,"Yes, in the past — children have since finished school",2,1991,36,Higher level,1,NA,0,NA,C,3,No,2,NA,Daily or almost daily,5,Never,1,Rarely,2,Rarely,2,Occasionally,3,1,1,1,1,2,2,1,1,4,4,1,1,1,1,1,1,1,1,1,1,5,5,5,5,5,5,2,2,2,2,1,1,2,2,FALSE,2,TRUE,1,Yes,1,1,French,Beginner,1,5,Higher level,3,B,2,Rarely - a few time a year,2,NA,NA,0,NA,NA,0,NA,0,NA,0,NA,NA,0,NA,NA,0,English-medium school,2,English-medium school,2,Postgraduate Diploma or Master's degree,7,Munster,2,TRUE,1,2,No,2,NA,4,4,5,5,5,5,1,1,4,4,4,4,4,4,FALSE,FALSE,FALSE,TRUE,FALSE,FALSE,TRUE,FALSE,FALSE,FALSE,FALSE,FALSE,FALSE,FALSE,FALSE,TRUE,FALSE,FALSE,FALSE,FALSE,FALSE,FALSE,FALSE,FALSE,FALSE,FALSE,FALSE,FALSE,FALSE,FALSE,FALSE,TRUE,FALSE,FALSE,FALSE,TRUE,FALSE,Family,Formal classroom instruction,Family,Language apps (e.g. Duolingo); Other,NA,NA,TRUE,2.6,1.25,0,FALSE,NA,65,4.666666666666667,1,5,1.75,2.5,2.5,4,4,5,2,1974,1979,pre_1999,60,26,7,49.056603773584904,38,21,1,56.75675675675676,26,18,13
16632056,BLINDED,complete,NA,37,Female,1,Connacht,3,"Second language, learned at school",2,4,FALSE,2,NA,FALSE,2,NA,Rarely - a few times a year,2,FALSE,2,NA,FALSE,2,NA,0,2006,21,Higher level,1,NA,0,NA,Do not remember grade,7,No,2,NA,Rarely,2,Rarely,2,Rarely,2,Never,1,Never,1,3,3,1,1,1,1,1,1,5,5,5,5,2,2,1,1,1,1,1,1,5,5,5,5,5,5,1,1,1,1,1,1,5,5,FALSE,2,FALSE,2,No,2,NA,NA,NA,0,NA,NA,0,NA,0,NA,0,NA,NA,0,NA,NA,0,NA,0,NA,0,NA,NA,0,NA,NA,0,English-medium school,2,English-medium school,2,Postgraduate Diploma or Master's degree,7,Connacht,3,FALSE,2,NA,NA,0,NA,5,5,5,5,5,5,2,2,4,4,4,4,3,3,FALSE,FALSE,FALSE,FALSE,TRUE,FALSE,FALSE,FALSE,FALSE,FALSE,FALSE,FALSE,FALSE,FALSE,FALSE,FALSE,FALSE,FALSE,FALSE,FALSE,FALSE,FALSE,FALSE,FALSE,FALSE,FALSE,FALSE,FALSE,FALSE,FALSE,TRUE,FALSE,FALSE,FALSE,FALSE,TRUE,FALSE,Other,NA,NA,Social media or online communities (e.g. Facebook groups); Other,NA,NA,TRUE,1.6,1.5,0,FALSE,NA,NA,5,1.25,5,2,3,5,4,3,5,2,1989,1993,pre_1999,60,20,9,39.21568627450981,50,25,4,54.347826086956516,20,16,21
16607844,BLINDED,complete,NA,60,Male,2,Leinster,1,"Second language, learned at school",2,4,TRUE,1,Mother was fluent,FALSE,2,NA,Rarely - a few times a year,2,FALSE,2,NA,TRUE,1,"Yes, in the past — children have since finished school",2,1984,43,Higher level,1,NA,0,NA,B,2,No,2,NA,Often,4,Occasionally,3,Occasionally,3,Rarely,2,Rarely,2,5,5,5,5,5,5,1,1,1,1,1,1,5,5,5,5,4,4,4,4,1,1,1,1,5,5,5,5,5,5,5,5,1,1,TRUE,1,TRUE,1,Yes,1,2,Italian,Intermediate,2,1997;  1 year,Not taken for Leaving Certificate,1,NA,0,Rarely - a few time a year,2,French,Intermediate,2,1984 (6 years),Higher level,3,B,2,Rarely - a few time a year,2,NA,NA,0,NA,NA,0,English-medium school,2,English-medium school,2,Bachelor's degree,6,Munster,2,TRUE,1,3,No,2,NA,5,5,5,5,3,3,5,5,5,5,4,4,3,3,FALSE,FALSE,TRUE,TRUE,FALSE,FALSE,FALSE,TRUE,FALSE,FALSE,FALSE,FALSE,FALSE,TRUE,FALSE,FALSE,FALSE,FALSE,TRUE,FALSE,FALSE,FALSE,FALSE,FALSE,FALSE,TRUE,FALSE,FALSE,FALSE,FALSE,FALSE,FALSE,FALSE,FALSE,FALSE,TRUE,FALSE,Media or social media; Family,Living or studying abroad,Social settings,Other,Formal classroom instruction,Social settings,TRUE,2.8,4,0,FALSE,NA,80,4.333333333333333,4.5,1,4,5,1,4,3,5,2,1966,1970,pre_1999,60,43,6,79.62962962962963,23,15,3,75,43,9,5
16609199,BLINDED,complete,NA,37,Female,1,Munster,2,"Second language, learned at school",2,5,FALSE,2,NA,FALSE,2,NA,Never,1,FALSE,2,NA,TRUE,1,Not applicable — children not yet at school age,4,2007,20,Ordinary level,2,NA,0,NA,Do not remember grade,7,No,2,NA,Rarely,2,Rarely,2,Never,1,Never,1,Rarely,2,3,3,3,3,2,2,2,2,2,2,3,3,3,3,2,2,2,2,2,2,2,2,2,2,3,3,4,4,4,4,3,3,3,3,TRUE,1,TRUE,1,Yes,1,1,french,Intermediate,2,secondary school for 5 years,Ordinary level,2,Do not remember grade,7,Rarely - a few time a year,2,NA,NA,0,NA,NA,0,NA,0,NA,0,NA,NA,0,NA,NA,0,English-medium school,2,English-medium school,2,Third-level Certificate or Diploma,5,Munster,2,FALSE,2,NA,NA,0,NA,3,3,5,5,3,3,3,3,4,4,4,4,3,3,FALSE,FALSE,FALSE,FALSE,FALSE,TRUE,TRUE,FALSE,FALSE,FALSE,FALSE,FALSE,FALSE,FALSE,FALSE,FALSE,TRUE,FALSE,FALSE,FALSE,FALSE,FALSE,FALSE,FALSE,FALSE,FALSE,FALSE,FALSE,FALSE,FALSE,FALSE,TRUE,FALSE,FALSE,FALSE,FALSE,FALSE,Not applicable,Formal classroom instruction,Other,Language apps (e.g. Duolingo),NA,NA,TRUE,1.6,2.5,0,FALSE,NA,NA,3.6666666666666665,2.25,2,3.5,3.5,2.5,4,3,3,1,1989,1994,pre_1999,60,29,7,54.71698113207547,35,15,3,46.875,29,13,16
16602634,BLINDED,complete,NA,54,Female,1,Munster,2,"Second language, learned at school",2,4,FALSE,2,NA,TRUE,1,Ring college for 3 weeks at age 12,Occasionally - monthly,3,FALSE,2,NA,TRUE,1,"Yes, currently — children still at school",1,1991,36,Higher level,1,NA,0,NA,B,2,No,2,NA,Daily or almost daily,5,Rarely,2,Occasionally,3,Occasionally,3,Daily or almost daily,5,5,5,5,5,5,5,5,5,4,4,5,5,5,5,3,3,5,5,3,3,1,1,1,1,4,4,5,5,5,5,5,5,5,5,FALSE,2,FALSE,2,Yes,1,2,German,Advanced,3,4 years,Not taken for Leaving Certificate,1,NA,0,Never,1,French,Intermediate,2,9 years,Higher level,3,B,2,Never,1,NA,NA,0,NA,NA,0,English-medium school,2,English-medium school,2,Postgraduate Diploma or Master's degree,7,Munster,2,TRUE,1,3,No,2,NA,5,5,5,5,5,5,4,4,4,4,3,3,4,4,FALSE,FALSE,FALSE,TRUE,FALSE,FALSE,TRUE,TRUE,FALSE,FALSE,FALSE,FALSE,FALSE,FALSE,FALSE,FALSE,FALSE,TRUE,TRUE,FALSE,FALSE,FALSE,FALSE,FALSE,FALSE,FALSE,FALSE,FALSE,FALSE,TRUE,FALSE,FALSE,FALSE,FALSE,FALSE,TRUE,FALSE,Family,Formal classroom instruction; Living or studying abroad,Not applicable,Other,Formal classroom instruction,Not applicable,TRUE,3.6,5,0,FALSE,NA,80,5,4,1,5,4,4.5,3,4,4,3,1972,1976,pre_1999,60,41,5,74.54545454545453,22,15,0,68.18181818181817,41,12,6
16602609,BLINDED,complete,NA,32,Male,2,Leinster,1,"Second language, learned at school",2,4,FALSE,2,cartoons on tg4 possibly,TRUE,1,"Yes, I attended a gealtacht the Summer after I finished Transition Year",Never,1,FALSE,2,NA,FALSE,2,NA,0,2012,15,Ordinary level,2,NA,0,NA,A,1,No,2,NA,Daily or almost daily,5,Rarely,2,Occasionally,3,Occasionally,3,Rarely,2,2,2,1,1,1,1,2,2,3,3,2,2,2,2,1,1,3,3,1,1,1,1,1,1,4,4,3,3,3,3,2,2,4,4,FALSE,2,TRUE,1,Yes,1,2,French,Fluent,4,10 years,Higher level,3,A,1,Daily or almost daily,5,German,Intermediate,2,"Learning it for 3 years now, self study",Not taken for Leaving Certificate,1,NA,0,Daily or almost daily,5,NA,NA,0,NA,NA,0,English-medium school,2,English-medium school,2,Postgraduate Diploma or Master's degree,7,Leinster,1,TRUE,1,1,No,2,NA,4,4,5,5,3,3,3,3,4,4,5,5,3,3,FALSE,FALSE,FALSE,FALSE,FALSE,TRUE,TRUE,TRUE,TRUE,FALSE,TRUE,FALSE,TRUE,TRUE,TRUE,FALSE,TRUE,FALSE,FALSE,FALSE,FALSE,FALSE,TRUE,FALSE,FALSE,TRUE,TRUE,FALSE,FALSE,FALSE,TRUE,TRUE,FALSE,TRUE,TRUE,FALSE,FALSE,Not applicable,Formal classroom instruction; Living or studying abroad; Immersion program; Self-study,Work; Social settings; Media or social media; Other,Social media or online communities (e.g. Facebook groups); Language apps (e.g. Duolingo); Conversation groups or meet-ups (e.g. pub nights); Trips to the Gaeltacht,Self-study,Social settings; Media or social media,TRUE,3,1.5,2,FALSE,NA,55,4,1.75,1,3,3.5,2.5,5,3,4,1,1994,1998,transition_1997_2001,60,26,5,47.27272727272728,43,20,2,48.78048780487805,26,12,21
16610594,BLINDED,complete,NA,29,Male,2,Leinster,1,"Second language, learned at school",2,5,FALSE,2,NA,TRUE,1,One of my friends in school was from a Gaeltacht area (Ranafast) in Donegal.,Rarely - a few times a year,2,FALSE,2,NA,FALSE,2,NA,0,2016,11,Higher level,1,NA,0,NA,B,2,Yes,1,I studied Irish at UCD in 2016/2017 for one year before withdrawing. I can't remember the result. I also took 2 months of weekly Irish classes two years ago.,Often,4,Rarely,2,Occasionally,3,Rarely,2,Rarely,2,4,4,2,2,3,3,2,2,4,4,3,3,3,3,2,2,4,4,3,3,2,2,1,1,4,4,4,4,3,3,3,3,4,4,TRUE,1,TRUE,1,No,2,NA,NA,NA,0,NA,NA,0,NA,0,NA,0,NA,NA,0,NA,NA,0,NA,0,NA,0,NA,NA,0,NA,NA,0,Gaelscoil,1,Gaelscoil,1,Bachelor's degree,6,Ulster,4,FALSE,2,NA,NA,0,NA,5,5,5,5,5,5,4,4,4,4,3,3,4,4,TRUE,TRUE,FALSE,FALSE,FALSE,FALSE,FALSE,FALSE,FALSE,FALSE,FALSE,FALSE,FALSE,FALSE,FALSE,FALSE,FALSE,FALSE,FALSE,FALSE,FALSE,FALSE,FALSE,FALSE,FALSE,FALSE,FALSE,FALSE,FALSE,FALSE,TRUE,FALSE,TRUE,TRUE,TRUE,FALSE,FALSE,Work; Social settings,NA,NA,Social media or online communities (e.g. Facebook groups); Evening classes or courses; Conversation groups or meet-ups (e.g. pub nights); Trips to the Gaeltacht,NA,NA,TRUE,2.6,2.75,0,FALSE,NA,80,5,3,1.5,3.5,4,3.5,3,4,4,2,1997,2002,post_1999,60,50,4,89.28571428571429,15,12,1,85.71428571428571,50,8,1
16602611,BLINDED,complete,NA,32,Male,2,Munster,2,First language at home,1,5,FALSE,2,NA,TRUE,1,irish college at 13 years of age,Rarely - a few times a year,2,FALSE,2,NA,FALSE,2,NA,0,2012,15,Ordinary level,2,NA,0,NA,A,1,No,2,NA,Rarely,2,Never,1,Rarely,2,Rarely,2,Rarely,2,3,3,2,2,3,3,4,4,4,4,2,2,2,2,1,1,2,2,2,2,4,4,4,4,4,4,3,3,3,3,3,3,3,3,FALSE,2,TRUE,1,No,2,NA,NA,NA,0,NA,NA,0,NA,0,NA,0,NA,NA,0,NA,NA,0,NA,0,NA,0,NA,NA,0,NA,NA,0,English-medium school,2,English-medium school,2,Doctoral degree,8,Munster,2,FALSE,2,NA,NA,0,NA,3,3,4,4,4,4,2,2,4,4,4,4,4,4,FALSE,FALSE,FALSE,FALSE,TRUE,FALSE,FALSE,FALSE,FALSE,FALSE,FALSE,FALSE,FALSE,FALSE,FALSE,FALSE,FALSE,FALSE,FALSE,FALSE,FALSE,FALSE,FALSE,FALSE,FALSE,FALSE,FALSE,FALSE,FALSE,FALSE,TRUE,FALSE,FALSE,TRUE,FALSE,FALSE,FALSE,Other,NA,NA,Social media or online communities (e.g. Facebook groups); Conversation groups or meet-ups (e.g. pub nights),NA,NA,TRUE,1.8,3,0,FALSE,NA,55,3.6666666666666665,1.75,4,3,3,3,4,4,4,2,1994,1999,transition_1997_2001,60,30,5,54.54545454545454,40,23,1,58.97435897435898,30,13,15
16602614,BLINDED,complete,NA,67,Female,1,Munster,2,"Second language, learned at school",2,5,FALSE,2,NA,FALSE,2,NA,Daily or almost daily,5,FALSE,2,NA,TRUE,1,"Yes, in the past — children have since finished school",2,1977,50,Higher level,1,NA,0,NA,D,4,No,2,NA,Daily or almost daily,5,Occasionally,3,Occasionally,3,Never,1,Occasionally,3,2,2,1,1,2,2,4,4,5,5,5,5,3,3,1,1,5,5,1,1,5,5,5,5,1,1,5,5,5,5,1,1,5,5,TRUE,1,TRUE,1,No,2,NA,NA,NA,0,NA,NA,0,NA,0,NA,0,NA,NA,0,NA,NA,0,NA,0,NA,0,NA,NA,0,NA,NA,0,English-medium school,2,English-medium school,2,Bachelor's degree,6,Munster,2,FALSE,2,NA,NA,0,NA,3,3,5,5,5,5,5,5,5,5,3,3,5,5,TRUE,FALSE,FALSE,FALSE,FALSE,FALSE,FALSE,FALSE,FALSE,FALSE,FALSE,FALSE,FALSE,FALSE,FALSE,FALSE,FALSE,FALSE,FALSE,FALSE,FALSE,FALSE,FALSE,FALSE,FALSE,FALSE,FALSE,FALSE,FALSE,FALSE,TRUE,FALSE,FALSE,FALSE,FALSE,FALSE,FALSE,Work,NA,NA,Social media or online communities (e.g. Facebook groups),NA,NA,TRUE,3,2.25,0,FALSE,NA,50,4.333333333333333,2.5,5,4,5,5,3,5,1,5,1959,1964,pre_1999,60,37,6,68.51851851851852,32,24,3,82.75862068965517,37,17,6
16602616,BLINDED,complete,NA,53,Female,1,Munster,2,"Second language, learned at school",2,5,FALSE,2,NA,FALSE,2,NA,Never,1,FALSE,2,NA,TRUE,1,"Yes, in the past — children have since finished school",2,1980,47,Ordinary level,2,NA,0,NA,C,3,No,2,NA,Often,4,Rarely,2,Occasionally,3,Never,1,Occasionally,3,1,1,1,1,1,1,1,1,5,5,1,1,1,1,1,1,1,1,1,1,5,5,5,5,5,5,1,1,1,1,1,1,3,3,TRUE,1,TRUE,1,No,2,NA,NA,NA,0,NA,NA,0,NA,0,NA,0,NA,NA,0,NA,NA,0,NA,0,NA,0,NA,NA,0,NA,NA,0,English-medium school,2,English-medium school,2,Post-Leaving Certificate (PLC) qualification,4,Munster,2,TRUE,1,13,Yes,1,"i lived in nyc for 10 years, i was part of a large irish community. Most of my friends were irish and we attended many irish concerts and plays during that time.",5,5,5,5,5,5,5,5,5,5,4,4,3,3,FALSE,FALSE,FALSE,FALSE,FALSE,TRUE,FALSE,FALSE,FALSE,FALSE,FALSE,FALSE,FALSE,FALSE,FALSE,FALSE,FALSE,FALSE,FALSE,FALSE,FALSE,FALSE,FALSE,FALSE,FALSE,FALSE,FALSE,FALSE,FALSE,FALSE,FALSE,FALSE,TRUE,TRUE,FALSE,FALSE,FALSE,Not applicable,NA,NA,Evening classes or courses; Conversation groups or meet-ups (e.g. pub nights),NA,NA,TRUE,2.6,1,0,FALSE,NA,25,5,1,5,1.5,5,3,4,3,5,1,1973,1978,pre_1999,60,39,7,73.58490566037736,30,20,3,74.07407407407408,39,12,6
16616860,BLINDED,complete,NA,43,Female,1,Munster,2,"Second language, learned at school",2,4,FALSE,2,NA,TRUE,1,i went to the Gaeltacht for 3 weeks when i was 16,Never,1,FALSE,2,NA,TRUE,1,"Yes, currently — children still at school",1,2001,26,Higher level,1,NA,0,NA,Do not remember grade,7,No,2,NA,Rarely,2,Never,1,Never,1,Never,1,Never,1,3,3,2,2,1,1,1,1,5,5,1,1,1,1,2,2,1,1,1,1,3,3,3,3,3,3,3,3,3,3,2,2,5,5,TRUE,1,TRUE,1,No,2,NA,NA,NA,0,NA,NA,0,NA,0,NA,0,NA,NA,0,NA,NA,0,NA,0,NA,0,NA,NA,0,NA,NA,0,English-medium school,2,English-medium school,2,Postgraduate Diploma or Master's degree,7,Leinster,1,TRUE,1,1,No,2,NA,4,4,4,4,3,3,2,2,3,3,5,5,3,3,FALSE,FALSE,FALSE,FALSE,FALSE,TRUE,FALSE,FALSE,FALSE,FALSE,FALSE,FALSE,FALSE,FALSE,FALSE,FALSE,FALSE,FALSE,FALSE,FALSE,FALSE,FALSE,FALSE,FALSE,FALSE,FALSE,FALSE,FALSE,FALSE,FALSE,FALSE,FALSE,FALSE,FALSE,FALSE,FALSE,TRUE,Not applicable,NA,NA,None so far,NA,NA,TRUE,1.2,1.75,0,FALSE,NA,NA,3.6666666666666665,1.25,3,3.25,2.5,3,5,3,3,1,1983,1987,pre_1999,60,21,2,36.206896551724135,43,20,4,51.28205128205128,21,16,22
16611804,BLINDED,complete,NA,77,Male,2,Munster,2,"Second language, learned at school",2,7,FALSE,2,NA,FALSE,2,NA,Often - weekly,4,FALSE,2,NA,TRUE,1,"Yes, in the past — children have since finished school",2,1968,59,Ordinary level,2,NA,0,NA,C,3,No,2,NA,Daily or almost daily,5,Never,1,Daily or almost daily,5,Often,4,Occasionally,3,5,5,5,5,5,5,5,5,3,3,1,1,3,3,5,5,5,5,3,3,3,3,3,3,5,5,3,3,3,3,5,5,3,3,FALSE,2,FALSE,2,No,2,NA,NA,NA,0,NA,NA,0,NA,0,NA,0,NA,NA,0,NA,NA,0,NA,0,NA,0,NA,NA,0,NA,NA,0,English-medium school,2,English-medium school,2,Bachelor's degree,6,Munster,2,FALSE,2,NA,NA,0,NA,5,5,5,5,5,5,3,3,5,5,2,2,5,5,FALSE,FALSE,FALSE,FALSE,TRUE,FALSE,FALSE,FALSE,FALSE,FALSE,FALSE,FALSE,FALSE,FALSE,FALSE,FALSE,FALSE,FALSE,FALSE,FALSE,FALSE,FALSE,FALSE,FALSE,FALSE,FALSE,FALSE,FALSE,FALSE,FALSE,TRUE,FALSE,FALSE,TRUE,TRUE,FALSE,FALSE,Other,NA,NA,Social media or online communities (e.g. Facebook groups); Conversation groups or meet-ups (e.g. pub nights); Trips to the Gaeltacht,NA,NA,FALSE,3.6,5,0,FALSE,NA,25,5,4,3,3.5,4,2,2,5,5,4,1949,1956,pre_1999,60,36,6,66.66666666666667,37,21,3,61.76470588235294,36,9,12
